"","id","birthDate"
"1",8448208,"1972-02-15"
"2",8455710,"1972-05-06"
"3",8457063,"1970-04-28"
"4",8457981,"1970-07-03"
"5",8458525,"1973-02-21"
"6",8458529,"1973-02-24"
"7",8458537,"1972-05-08"
"8",8458541,"1973-07-28"
"9",8458590,"1972-07-04"
"10",8458637,"1971-10-13"
"11",8458938,"1974-04-12"
"12",8458951,"1974-04-13"
"13",8459053,"1973-07-03"
"14",8459140,"1973-01-13"
"15",8459424,"1974-10-10"
"16",8459429,"1974-10-11"
"17",8459442,"1974-11-23"
"18",8459444,"1975-02-02"
"19",8459454,"1974-12-27"
"20",8459457,"1975-07-24"
"21",8459461,"1975-08-15"
"22",8459492,"1975-02-17"
"23",8459514,"1974-10-24"
"24",8459596,"1973-08-24"
"25",8459628,"1975-04-06"
"26",8459670,"1975-03-18"
"27",8459687,"1974-12-31"
"28",8460465,"1976-11-19"
"29",8460492,"1976-06-26"
"30",8460496,"1976-02-21"
"31",8460504,"1975-09-22"
"32",8460535,"1976-09-13"
"33",8460541,"1976-05-27"
"34",8460542,"1976-04-13"
"35",8460561,"1976-07-13"
"36",8460577,"1976-02-14"
"37",8460612,"1975-08-13"
"38",8460621,"1972-12-11"
"39",8460626,"1976-02-11"
"40",8460703,"1974-04-15"
"41",8460704,"1973-05-05"
"42",8460705,"1975-07-25"
"43",8460712,"1976-07-02"
"44",8460719,"1974-07-06"
"45",8460720,"1976-08-17"
"46",8460743,"1973-01-23"
"47",8460806,"1969-10-12"
"48",8462033,"1977-06-12"
"49",8462038,"1976-10-10"
"50",8462041,"1977-03-09"
"51",8462042,"1977-07-01"
"52",8462044,"1977-05-16"
"53",8462047,"1977-08-15"
"54",8462052,"1977-01-02"
"55",8462077,"1977-06-21"
"56",8462129,"1977-03-11"
"57",8462147,"1976-10-26"
"58",8462152,"1976-04-20"
"59",8462161,"1977-03-12"
"60",8462196,"1977-03-03"
"61",8462225,"1976-12-29"
"62",8462535,"1976-02-07"
"63",8464956,"1978-03-09"
"64",8464967,"1977-02-26"
"65",8464975,"1977-10-06"
"66",8464977,"1978-06-16"
"67",8464979,"1978-09-08"
"68",8464981,"1978-08-16"
"69",8464984,"1977-11-16"
"70",8464989,"1976-11-02"
"71",8464994,"1978-06-14"
"72",8464999,"1978-01-09"
"73",8465005,"1977-12-12"
"74",8465009,"1977-03-18"
"75",8465012,"1977-03-22"
"76",8465025,"1978-04-13"
"77",8465042,"1977-09-25"
"78",8465050,"1977-12-16"
"79",8465056,"1977-06-17"
"80",8465058,"1978-09-03"
"81",8465059,"1978-06-13"
"82",8465122,"1976-12-23"
"83",8465166,"1977-04-26"
"84",8465185,"1977-04-23"
"85",8465192,"1977-12-17"
"86",8465200,"1978-03-02"
"87",8465202,"1974-09-02"
"88",8465210,"1977-04-15"
"89",8465914,"1975-10-17"
"90",8465951,"1978-09-07"
"91",8465978,"1977-07-23"
"92",8466138,"1979-07-02"
"93",8466139,"1979-09-15"
"94",8466140,"1978-12-05"
"95",8466141,"1979-04-04"
"96",8466142,"1979-04-17"
"97",8466148,"1979-01-12"
"98",8466149,"1978-12-18"
"99",8466158,"1979-01-23"
"100",8466160,"1979-01-16"
"101",8466181,"1978-11-10"
"102",8466182,"1979-01-10"
"103",8466215,"1977-06-20"
"104",8466251,"1979-05-02"
"105",8466285,"1979-05-23"
"106",8466309,"1978-03-19"
"107",8466333,"1979-03-17"
"108",8466339,"1977-07-23"
"109",8466371,"1973-05-04"
"110",8466378,"1975-06-18"
"111",8466393,"1979-04-07"
"112",8466398,"1979-01-24"
"113",8467096,"1976-07-12"
"114",8467304,"1975-03-10"
"115",8467329,"1980-04-21"
"116",8467330,"1980-08-17"
"117",8467331,"1979-11-06"
"118",8467332,"1980-08-21"
"119",8467334,"1980-05-18"
"120",8467335,"1980-08-05"
"121",8467336,"1980-01-13"
"122",8467338,"1979-11-21"
"123",8467344,"1980-04-19"
"124",8467346,"1980-02-29"
"125",8467351,"1979-12-23"
"126",8467353,"1980-02-18"
"127",8467365,"1980-06-26"
"128",8467370,"1980-06-05"
"129",8467371,"1980-02-10"
"130",8467389,"1980-05-02"
"131",8467391,"1980-01-18"
"132",8467396,"1978-11-06"
"133",8467400,"1980-06-04"
"134",8467407,"1979-01-18"
"135",8467408,"1980-04-07"
"136",8467412,"1980-04-09"
"137",8467423,"1978-09-17"
"138",8467428,"1980-03-26"
"139",8467439,"1974-02-11"
"140",8467452,"1978-12-30"
"141",8467453,"1980-05-04"
"142",8467463,"1976-12-23"
"143",8467466,"1980-07-05"
"144",8467478,"1979-05-04"
"145",8467493,"1979-06-18"
"146",8467496,"1978-12-20"
"147",8467514,"1978-07-20"
"148",8467543,"1978-10-27"
"149",8467545,"1980-03-31"
"150",8467579,"1979-01-30"
"151",8467580,"1977-05-06"
"152",8467831,"1976-05-03"
"153",8467844,"1973-09-02"
"154",8467875,"1980-09-26"
"155",8467876,"1980-09-26"
"156",8467878,"1981-05-07"
"157",8467881,"1981-08-19"
"158",8467890,"1981-03-05"
"159",8467899,"1981-04-19"
"160",8467910,"1981-04-01"
"161",8467913,"1981-01-07"
"162",8467915,"1979-11-07"
"163",8467917,"1980-08-03"
"164",8467925,"1980-08-14"
"165",8467928,"1980-03-26"
"166",8467931,"1980-11-03"
"167",8467943,"1979-12-05"
"168",8467950,"1981-05-21"
"169",8467959,"1980-06-25"
"170",8467967,"1980-11-11"
"171",8467972,"1981-09-07"
"172",8467977,"1981-09-02"
"173",8467988,"1979-12-01"
"174",8468001,"1981-06-11"
"175",8468011,"1980-07-17"
"176",8468038,"1981-05-19"
"177",8468064,"1981-08-29"
"178",8468083,"1980-10-09"
"179",8468085,"1981-06-13"
"180",8468086,"1981-06-16"
"181",8468095,"1979-12-29"
"182",8468101,"1976-08-31"
"183",8468114,"1980-03-12"
"184",8468162,"1979-02-04"
"185",8468166,"1979-10-05"
"186",8468172,"1979-01-18"
"187",8468208,"1980-12-02"
"188",8468213,"1980-02-21"
"189",8468224,"1980-04-10"
"190",8468309,"1977-12-11"
"191",8468434,"1977-08-25"
"192",8468463,"1976-11-26"
"193",8468478,"1978-05-02"
"194",8468481,"1981-09-19"
"195",8468482,"1981-01-21"
"196",8468483,"1982-02-14"
"197",8468485,"1981-10-08"
"198",8468486,"1982-04-18"
"199",8468493,"1981-03-24"
"200",8468498,"1980-09-26"
"201",8468499,"1981-07-27"
"202",8468501,"1982-02-25"
"203",8468504,"1982-04-17"
"204",8468505,"1982-08-19"
"205",8468508,"1981-10-04"
"206",8468509,"1981-01-12"
"207",8468510,"1981-02-19"
"208",8468513,"1982-08-25"
"209",8468515,"1981-03-01"
"210",8468518,"1982-02-05"
"211",8468520,"1981-11-24"
"212",8468524,"1980-06-22"
"213",8468526,"1982-06-24"
"214",8468534,"1975-07-13"
"215",8468535,"1982-07-20"
"216",8468540,"1980-06-19"
"217",8468542,"1981-03-05"
"218",8468575,"1980-08-03"
"219",8468584,"1981-03-30"
"220",8468598,"1976-08-11"
"221",8468611,"1981-06-17"
"222",8468635,"1982-04-06"
"223",8468636,"1980-06-05"
"224",8468639,"1980-11-25"
"225",8468660,"1980-08-10"
"226",8468674,"1982-04-03"
"227",8468685,"1982-03-02"
"228",8468695,"1982-03-18"
"229",8468700,"1982-02-03"
"230",8468704,"1980-07-03"
"231",8468745,"1982-04-22"
"232",8468778,"1982-03-03"
"233",8468789,"1980-08-11"
"234",8468881,"1981-06-30"
"235",8468887,"1982-07-10"
"236",8468927,"1979-12-21"
"237",8469120,"1979-01-03"
"238",8469152,"1976-03-30"
"239",8469454,"1983-04-15"
"240",8469455,"1983-06-13"
"241",8469457,"1983-04-03"
"242",8469459,"1983-03-12"
"243",8469460,"1982-01-19"
"244",8469462,"1983-02-16"
"245",8469465,"1982-12-13"
"246",8469466,"1983-08-13"
"247",8469467,"1982-04-17"
"248",8469469,"1982-05-03"
"249",8469470,"1983-01-27"
"250",8469473,"1983-08-24"
"251",8469474,"1982-11-23"
"252",8469476,"1983-01-29"
"253",8469480,"1983-09-01"
"254",8469483,"1982-03-15"
"255",8469485,"1983-05-04"
"256",8469490,"1981-11-14"
"257",8469492,"1983-07-19"
"258",8469500,"1982-06-08"
"259",8469501,"1983-06-03"
"260",8469506,"1982-11-30"
"261",8469508,"1983-03-02"
"262",8469514,"1982-09-18"
"263",8469516,"1983-03-31"
"264",8469521,"1982-10-31"
"265",8469531,"1982-11-03"
"266",8469534,"1983-04-30"
"267",8469542,"1981-11-16"
"268",8469544,"1981-12-27"
"269",8469547,"1983-02-02"
"270",8469548,"1982-09-28"
"271",8469555,"1982-07-06"
"272",8469569,"1983-06-24"
"273",8469581,"1983-05-16"
"274",8469582,"1982-07-08"
"275",8469591,"1983-04-18"
"276",8469598,"1981-06-16"
"277",8469608,"1982-03-22"
"278",8469619,"1981-07-18"
"279",8469622,"1982-09-30"
"280",8469623,"1977-02-03"
"281",8469626,"1981-06-30"
"282",8469638,"1983-04-01"
"283",8469639,"1983-06-23"
"284",8469664,"1981-12-28"
"285",8469665,"1981-10-01"
"286",8469684,"1983-06-07"
"287",8469685,"1981-11-06"
"288",8469707,"1983-03-24"
"289",8469732,"1980-02-07"
"290",8469752,"1983-06-16"
"291",8469755,"1983-07-12"
"292",8469759,"1980-05-09"
"293",8469760,"1982-12-23"
"294",8469765,"1980-10-13"
"295",8469770,"1983-03-20"
"296",8469779,"1978-11-06"
"297",8469798,"1983-07-28"
"298",8469812,"1982-03-27"
"299",8469820,"1981-01-02"
"300",8469992,"1980-10-03"
"301",8470005,"1978-10-28"
"302",8470018,"1981-08-31"
"303",8470039,"1984-05-16"
"304",8470041,"1984-06-16"
"305",8470047,"1984-03-20"
"306",8470054,"1982-11-26"
"307",8470061,"1984-04-21"
"308",8470063,"1983-01-06"
"309",8470065,"1982-01-06"
"310",8470074,"1984-05-15"
"311",8470085,"1984-09-12"
"312",8470093,"1983-04-11"
"313",8470104,"1983-01-10"
"314",8470105,"1983-10-07"
"315",8470110,"1983-10-09"
"316",8470120,"1984-03-03"
"317",8470121,"1983-05-13"
"318",8470123,"1984-04-15"
"319",8470137,"1983-09-19"
"320",8470140,"1983-11-16"
"321",8470144,"1984-04-24"
"322",8470147,"1983-05-23"
"323",8470151,"1983-09-27"
"324",8470152,"1983-12-05"
"325",8470153,"1984-04-27"
"326",8470156,"1983-04-03"
"327",8470159,"1983-10-19"
"328",8470162,"1983-12-19"
"329",8470169,"1983-12-17"
"330",8470171,"1984-02-11"
"331",8470176,"1984-02-08"
"332",8470180,"1983-02-14"
"333",8470187,"1984-01-19"
"334",8470189,"1983-04-20"
"335",8470192,"1983-10-31"
"336",8470201,"1984-01-04"
"337",8470207,"1983-09-23"
"338",8470216,"1984-06-18"
"339",8470222,"1984-02-21"
"340",8470230,"1984-04-15"
"341",8470232,"1982-02-19"
"342",8470257,"1984-03-01"
"343",8470265,"1984-05-06"
"344",8470268,"1983-10-11"
"345",8470273,"1984-06-04"
"346",8470274,"1983-06-02"
"347",8470280,"1984-01-22"
"348",8470281,"1983-07-16"
"349",8470283,"1984-03-10"
"350",8470289,"1982-12-09"
"351",8470294,"1984-06-27"
"352",8470299,"1983-12-17"
"353",8470301,"1984-02-23"
"354",8470302,"1983-06-22"
"355",8470309,"1983-02-19"
"356",8470310,"1983-09-27"
"357",8470317,"1982-12-10"
"358",8470318,"1984-03-02"
"359",8470320,"1984-02-29"
"360",8470324,"1984-08-14"
"361",8470329,"1984-07-09"
"362",8470358,"1981-04-11"
"363",8470366,"1983-08-11"
"364",8470378,"1984-01-06"
"365",8470543,"1979-09-26"
"366",8470580,"1978-09-03"
"367",8470594,"1984-11-28"
"368",8470595,"1984-10-29"
"369",8470596,"1985-05-29"
"370",8470598,"1984-01-19"
"371",8470599,"1984-12-07"
"372",8470600,"1985-01-21"
"373",8470601,"1985-02-27"
"374",8470602,"1985-04-10"
"375",8470603,"1985-02-03"
"376",8470604,"1985-01-01"
"377",8470606,"1984-11-04"
"378",8470607,"1985-04-20"
"379",8470609,"1985-03-31"
"380",8470610,"1984-07-28"
"381",8470611,"1985-09-07"
"382",8470612,"1985-05-10"
"383",8470613,"1985-03-09"
"384",8470614,"1984-04-27"
"385",8470616,"1984-08-31"
"386",8470617,"1985-02-11"
"387",8470618,"1985-01-05"
"388",8470619,"1984-12-18"
"389",8470621,"1985-05-16"
"390",8470622,"1984-05-01"
"391",8470626,"1985-07-17"
"392",8470630,"1984-12-13"
"393",8470636,"1985-02-07"
"394",8470638,"1985-07-24"
"395",8470640,"1984-09-25"
"396",8470642,"1985-08-14"
"397",8470644,"1984-09-30"
"398",8470645,"1984-12-31"
"399",8470647,"1985-07-10"
"400",8470654,"1985-03-29"
"401",8470655,"1984-05-01"
"402",8470657,"1984-03-26"
"403",8470661,"1985-04-29"
"404",8470662,"1985-01-28"
"405",8470666,"1985-01-28"
"406",8470667,"1985-04-06"
"407",8470672,"1984-07-19"
"408",8470678,"1985-07-05"
"409",8470685,"1984-05-30"
"410",8470687,"1985-09-11"
"411",8470697,"1985-04-24"
"412",8470699,"1978-06-18"
"413",8470700,"1984-07-21"
"414",8470704,"1985-01-23"
"415",8470708,"1985-04-20"
"416",8470714,"1984-01-05"
"417",8470719,"1985-06-26"
"418",8470724,"1985-08-12"
"419",8470729,"1984-10-30"
"420",8470737,"1984-04-24"
"421",8470740,"1983-02-04"
"422",8470750,"1985-01-22"
"423",8470755,"1985-02-04"
"424",8470760,"1985-06-21"
"425",8470774,"1984-10-03"
"426",8470775,"1984-10-05"
"427",8470777,"1984-12-07"
"428",8470778,"1984-02-17"
"429",8470780,"1984-09-29"
"430",8470794,"1984-07-11"
"431",8470798,"1984-08-29"
"432",8470803,"1984-05-25"
"433",8470804,"1983-08-10"
"434",8470816,"1985-07-16"
"435",8470828,"1984-11-05"
"436",8470834,"1985-03-27"
"437",8470838,"1984-07-15"
"438",8470839,"1983-08-09"
"439",8470852,"1983-11-01"
"440",8470854,"1983-11-29"
"441",8470860,"1985-05-13"
"442",8470867,"1985-01-25"
"443",8470871,"1984-05-29"
"444",8470877,"1984-08-10"
"445",8470880,"1985-04-09"
"446",8470886,"1985-02-19"
"447",8470896,"1980-08-08"
"448",8470905,"1981-07-23"
"449",8470920,"1984-03-31"
"450",8470966,"1983-10-03"
"451",8470986,"1984-07-07"
"452",8470988,"1984-04-22"
"453",8471185,"1982-12-28"
"454",8471186,"1981-06-21"
"455",8471187,"1982-01-15"
"456",8471208,"1982-09-28"
"457",8471214,"1985-09-17"
"458",8471215,"1986-07-31"
"459",8471216,"1986-04-04"
"460",8471217,"1985-12-12"
"461",8471218,"1986-08-31"
"462",8471219,"1985-02-13"
"463",8471220,"1985-10-10"
"464",8471222,"1986-02-01"
"465",8471226,"1985-10-30"
"466",8471227,"1986-05-04"
"467",8471228,"1986-07-05"
"468",8471229,"1986-01-16"
"469",8471231,"1986-02-19"
"470",8471232,"1986-07-28"
"471",8471233,"1985-05-13"
"472",8471234,"1986-02-24"
"473",8471236,"1985-10-13"
"474",8471239,"1986-03-18"
"475",8471240,"1986-02-25"
"476",8471241,"1986-06-01"
"477",8471242,"1985-10-12"
"478",8471245,"1986-06-05"
"479",8471246,"1986-01-29"
"480",8471251,"1986-08-30"
"481",8471254,"1986-03-09"
"482",8471260,"1986-02-18"
"483",8471261,"1986-02-21"
"484",8471262,"1985-10-12"
"485",8471266,"1984-11-24"
"486",8471268,"1986-08-15"
"487",8471269,"1985-01-22"
"488",8471273,"1986-04-29"
"489",8471274,"1985-07-30"
"490",8471276,"1986-04-28"
"491",8471279,"1984-10-17"
"492",8471280,"1985-12-24"
"493",8471283,"1984-03-16"
"494",8471284,"1986-06-08"
"495",8471296,"1986-04-25"
"496",8471299,"1986-04-16"
"497",8471301,"1985-11-19"
"498",8471303,"1986-04-21"
"499",8471306,"1986-01-29"
"500",8471309,"1979-12-23"
"501",8471311,"1986-07-15"
"502",8471312,"1986-02-27"
"503",8471314,"1984-09-24"
"504",8471321,"1985-11-29"
"505",8471323,"1984-06-14"
"506",8471326,"1986-03-23"
"507",8471331,"1986-03-12"
"508",8471338,"1985-01-30"
"509",8471339,"1985-03-21"
"510",8471346,"1986-05-13"
"511",8471348,"1986-06-16"
"512",8471352,"1985-03-04"
"513",8471362,"1984-01-31"
"514",8471365,"1986-08-20"
"515",8471371,"1985-06-24"
"516",8471385,"1984-03-29"
"517",8471386,"1984-09-05"
"518",8471388,"1986-06-08"
"519",8471390,"1985-12-14"
"520",8471392,"1986-04-28"
"521",8471402,"1984-04-13"
"522",8471403,"1986-07-01"
"523",8471409,"1985-12-13"
"524",8471418,"1986-05-07"
"525",8471419,"1985-07-11"
"526",8471426,"1985-08-17"
"527",8471428,"1985-06-04"
"528",8471433,"1986-04-28"
"529",8471436,"1985-05-21"
"530",8471450,"1985-04-25"
"531",8471451,"1986-04-24"
"532",8471469,"1982-11-03"
"533",8471474,"1984-01-09"
"534",8471476,"1985-03-06"
"535",8471482,"1985-04-14"
"536",8471483,"1984-12-15"
"537",8471490,"1985-07-15"
"538",8471498,"1986-03-15"
"539",8471504,"1981-12-10"
"540",8471514,"1982-07-08"
"541",8471521,"1984-07-28"
"542",8471634,"1983-03-02"
"543",8471636,"1984-08-28"
"544",8471657,"1984-06-26"
"545",8471663,"1986-12-15"
"546",8471664,"1985-09-17"
"547",8471668,"1987-03-14"
"548",8471669,"1985-12-27"
"549",8471670,"1987-05-24"
"550",8471675,"1987-08-07"
"551",8471676,"1987-03-17"
"552",8471677,"1987-01-13"
"553",8471678,"1986-09-29"
"554",8471679,"1987-08-16"
"555",8471681,"1987-05-19"
"556",8471682,"1987-01-01"
"557",8471683,"1987-03-26"
"558",8471685,"1987-08-24"
"559",8471686,"1987-01-13"
"560",8471689,"1987-06-09"
"561",8471691,"1987-02-20"
"562",8471693,"1987-02-10"
"563",8471694,"1987-01-04"
"564",8471695,"1987-03-10"
"565",8471697,"1987-03-07"
"566",8471698,"1986-12-23"
"567",8471699,"1987-06-14"
"568",8471700,"1987-09-04"
"569",8471701,"1987-06-29"
"570",8471702,"1986-12-06"
"571",8471703,"1987-04-03"
"572",8471705,"1987-06-22"
"573",8471707,"1987-09-03"
"574",8471708,"1987-04-13"
"575",8471709,"1987-03-30"
"576",8471710,"1987-04-27"
"577",8471712,"1987-05-13"
"578",8471714,"1987-08-07"
"579",8471715,"1987-08-31"
"580",8471716,"1987-02-25"
"581",8471717,"1986-10-12"
"582",8471718,"1987-03-23"
"583",8471719,"1986-10-28"
"584",8471724,"1987-04-24"
"585",8471729,"1987-05-02"
"586",8471730,"1986-12-03"
"587",8471733,"1987-04-25"
"588",8471734,"1986-01-21"
"589",8471735,"1986-09-09"
"590",8471741,"1987-08-27"
"591",8471742,"1987-08-08"
"592",8471743,"1987-07-02"
"593",8471748,"1986-09-29"
"594",8471750,"1986-11-21"
"595",8471752,"1987-03-11"
"596",8471760,"1987-01-07"
"597",8471761,"1986-10-27"
"598",8471762,"1987-03-15"
"599",8471766,"1986-05-13"
"600",8471767,"1986-09-27"
"601",8471768,"1987-02-14"
"602",8471769,"1987-06-06"
"603",8471774,"1987-07-28"
"604",8471794,"1987-01-21"
"605",8471804,"1987-07-24"
"606",8471807,"1987-01-29"
"607",8471810,"1987-03-17"
"608",8471811,"1986-09-30"
"609",8471816,"1987-05-15"
"610",8471817,"1987-01-20"
"611",8471822,"1987-02-04"
"612",8471832,"1987-01-14"
"613",8471840,"1987-06-02"
"614",8471842,"1986-04-30"
"615",8471846,"1987-02-23"
"616",8471851,"1986-10-23"
"617",8471853,"1987-05-31"
"618",8471856,"1985-08-20"
"619",8471859,"1987-03-20"
"620",8471862,"1986-03-09"
"621",8471868,"1987-05-02"
"622",8471873,"1986-08-01"
"623",8471879,"1986-12-02"
"624",8471885,"1987-01-18"
"625",8471887,"1987-01-01"
"626",8471912,"1986-12-03"
"627",8471916,"1985-06-27"
"628",8471941,"1987-07-08"
"629",8471956,"1986-07-27"
"630",8471958,"1984-04-29"
"631",8471976,"1986-09-14"
"632",8471978,"1986-03-03"
"633",8471996,"1981-05-12"
"634",8472262,"1983-04-05"
"635",8472355,"1984-09-01"
"636",8472361,"1983-06-20"
"637",8472365,"1981-10-17"
"638",8472368,"1983-12-23"
"639",8472370,"1984-02-23"
"640",8472379,"1982-07-19"
"641",8472382,"1982-10-30"
"642",8472394,"1983-06-08"
"643",8472410,"1983-10-09"
"644",8472424,"1985-04-15"
"645",8473404,"1978-02-13"
"646",8473412,"1987-11-12"
"647",8473414,"1988-04-11"
"648",8473415,"1988-04-04"
"649",8473416,"1988-07-05"
"650",8473419,"1988-05-11"
"651",8473422,"1987-10-31"
"652",8473426,"1987-12-16"
"653",8473431,"1988-03-01"
"654",8473432,"1986-12-20"
"655",8473434,"1986-06-10"
"656",8473440,"1988-04-28"
"657",8473444,"1986-10-13"
"658",8473446,"1988-03-21"
"659",8473449,"1988-04-16"
"660",8473453,"1987-01-08"
"661",8473456,"1988-03-06"
"662",8473459,"1988-07-25"
"663",8473461,"1988-05-29"
"664",8473463,"1987-01-23"
"665",8473465,"1988-08-05"
"666",8473466,"1988-03-17"
"667",8473468,"1988-04-14"
"668",8473473,"1988-06-07"
"669",8473482,"1988-03-16"
"670",8473484,"1988-05-18"
"671",8473485,"1987-10-30"
"672",8473492,"1988-06-07"
"673",8473493,"1988-03-30"
"674",8473499,"1987-01-03"
"675",8473501,"1988-05-19"
"676",8473503,"1988-03-15"
"677",8473504,"1987-11-18"
"678",8473505,"1988-02-03"
"679",8473507,"1987-12-09"
"680",8473511,"1987-02-04"
"681",8473512,"1988-01-12"
"682",8473514,"1987-10-05"
"683",8473523,"1988-06-25"
"684",8473525,"1987-11-10"
"685",8473526,"1988-04-14"
"686",8473533,"1988-09-10"
"687",8473534,"1988-06-02"
"688",8473536,"1988-04-25"
"689",8473537,"1986-01-17"
"690",8473539,"1987-11-05"
"691",8473541,"1988-08-07"
"692",8473542,"1987-09-28"
"693",8473544,"1987-09-22"
"694",8473546,"1987-10-05"
"695",8473548,"1987-10-02"
"696",8473550,"1988-07-11"
"697",8473553,"1987-06-09"
"698",8473558,"1988-06-01"
"699",8473560,"1988-02-16"
"700",8473562,"1986-08-09"
"701",8473563,"1987-11-23"
"702",8473564,"1988-02-17"
"703",8473565,"1988-01-04"
"704",8473568,"1987-02-28"
"705",8473569,"1988-01-20"
"706",8473571,"1988-02-25"
"707",8473573,"1988-05-24"
"708",8473574,"1988-02-19"
"709",8473575,"1988-04-27"
"710",8473579,"1986-07-14"
"711",8473584,"1986-09-07"
"712",8473588,"1986-08-06"
"713",8473589,"1988-02-05"
"714",8473592,"1988-01-10"
"715",8473600,"1987-04-29"
"716",8473604,"1988-04-29"
"717",8473607,"1988-03-23"
"718",8473608,"1988-02-03"
"719",8473610,"1988-02-29"
"720",8473614,"1987-07-25"
"721",8473616,"1986-08-01"
"722",8473618,"1988-01-05"
"723",8473638,"1985-09-30"
"724",8473646,"1983-08-03"
"725",8473647,"1986-01-23"
"726",8473658,"1988-02-17"
"727",8473673,"1987-05-07"
"728",8473682,"1983-01-02"
"729",8473700,"1987-02-03"
"730",8473712,"1987-10-29"
"731",8473722,"1982-09-26"
"732",8473734,"1984-08-06"
"733",8473867,"1981-08-26"
"734",8473898,"1985-11-30"
"735",8473908,"1984-02-07"
"736",8473911,"1984-04-26"
"737",8473913,"1983-10-30"
"738",8473914,"1985-02-04"
"739",8473921,"1984-07-05"
"740",8473927,"1983-05-03"
"741",8473932,"1985-06-22"
"742",8473933,"1984-02-20"
"743",8473942,"1985-02-08"
"744",8473944,"1982-10-31"
"745",8473953,"1984-10-13"
"746",8473962,"1985-09-08"
"747",8473970,"1986-08-12"
"748",8473972,"1982-02-12"
"749",8473986,"1989-09-14"
"750",8473989,"1989-07-25"
"751",8473991,"1988-09-24"
"752",8473992,"1988-10-11"
"753",8473994,"1989-07-18"
"754",8473999,"1989-07-12"
"755",8474000,"1988-09-24"
"756",8474001,"1988-04-22"
"757",8474005,"1989-01-20"
"758",8474008,"1988-09-24"
"759",8474009,"1988-04-20"
"760",8474012,"1989-01-19"
"761",8474013,"1989-02-21"
"762",8474018,"1989-02-20"
"763",8474019,"1989-09-12"
"764",8474024,"1989-01-29"
"765",8474025,"1989-02-10"
"766",8474027,"1987-02-10"
"767",8474029,"1989-01-15"
"768",8474030,"1989-09-07"
"769",8474031,"1989-01-29"
"770",8474032,"1989-07-11"
"771",8474034,"1988-04-23"
"772",8474035,"1988-09-21"
"773",8474037,"1989-05-04"
"774",8474038,"1989-04-27"
"775",8474040,"1989-08-10"
"776",8474042,"1989-07-24"
"777",8474045,"1988-09-23"
"778",8474046,"1989-05-09"
"779",8474048,"1989-06-11"
"780",8474049,"1989-04-24"
"781",8474050,"1988-12-24"
"782",8474052,"1989-04-07"
"783",8474053,"1989-03-28"
"784",8474056,"1989-05-13"
"785",8474057,"1989-06-17"
"786",8474059,"1987-02-05"
"787",8474061,"1989-04-18"
"788",8474062,"1989-05-09"
"789",8474066,"1989-02-08"
"790",8474068,"1989-08-14"
"791",8474074,"1989-02-22"
"792",8474077,"1988-09-10"
"793",8474089,"1989-05-20"
"794",8474090,"1989-02-08"
"795",8474091,"1989-02-14"
"796",8474092,"1989-04-13"
"797",8474094,"1988-06-01"
"798",8474095,"1989-04-23"
"799",8474096,"1988-09-19"
"800",8474098,"1989-04-20"
"801",8474100,"1989-07-05"
"802",8474102,"1988-05-28"
"803",8474113,"1989-04-03"
"804",8474121,"1989-02-12"
"805",8474125,"1986-11-09"
"806",8474128,"1989-05-19"
"807",8474130,"1989-07-25"
"808",8474131,"1988-09-19"
"809",8474134,"1988-09-23"
"810",8474135,"1988-06-25"
"811",8474137,"1989-03-08"
"812",8474138,"1988-02-27"
"813",8474139,"1989-01-04"
"814",8474141,"1988-11-19"
"815",8474143,"1987-05-11"
"816",8474145,"1989-03-18"
"817",8474146,"1988-10-14"
"818",8474149,"1989-03-12"
"819",8474150,"1989-03-17"
"820",8474151,"1989-06-13"
"821",8474152,"1988-12-22"
"822",8474153,"1988-12-31"
"823",8474157,"1988-11-20"
"824",8474161,"1989-08-15"
"825",8474162,"1989-02-21"
"826",8474163,"1989-03-10"
"827",8474164,"1989-01-30"
"828",8474166,"1987-07-26"
"829",8474168,"1989-02-05"
"830",8474176,"1988-08-23"
"831",8474184,"1988-11-05"
"832",8474189,"1989-05-08"
"833",8474190,"1988-08-26"
"834",8474192,"1988-01-03"
"835",8474195,"1989-03-26"
"836",8474201,"1986-12-06"
"837",8474202,"1984-02-27"
"838",8474207,"1987-05-15"
"839",8474218,"1988-06-09"
"840",8474220,"1987-09-04"
"841",8474230,"1986-03-30"
"842",8474236,"1988-12-28"
"843",8474250,"1988-04-05"
"844",8474291,"1985-10-16"
"845",8474383,"1987-06-14"
"846",8474497,"1985-11-28"
"847",8474498,"1983-10-04"
"848",8474500,"1984-12-17"
"849",8474516,"1986-01-20"
"850",8474518,"1984-11-22"
"851",8474519,"1986-01-24"
"852",8474520,"1984-11-13"
"853",8474535,"1986-03-06"
"854",8474550,"1983-08-29"
"855",8474551,"1983-10-06"
"856",8474552,"1985-02-06"
"857",8474554,"1987-10-20"
"858",8474563,"1989-12-08"
"859",8474564,"1990-02-07"
"860",8474565,"1990-01-18"
"861",8474566,"1990-05-25"
"862",8474567,"1990-07-15"
"863",8474568,"1989-11-02"
"864",8474569,"1989-10-20"
"865",8474570,"1990-02-18"
"866",8474571,"1989-12-16"
"867",8474573,"1989-10-02"
"868",8474574,"1990-02-01"
"869",8474575,"1990-03-08"
"870",8474576,"1989-10-04"
"871",8474577,"1990-01-30"
"872",8474578,"1990-05-31"
"873",8474579,"1990-01-30"
"874",8474581,"1990-07-04"
"875",8474582,"1990-02-21"
"876",8474584,"1990-06-24"
"877",8474585,"1990-01-19"
"878",8474586,"1990-05-15"
"879",8474587,"1990-06-05"
"880",8474588,"1988-05-12"
"881",8474589,"1989-10-06"
"882",8474590,"1990-01-10"
"883",8474591,"1989-12-07"
"884",8474593,"1990-01-31"
"885",8474594,"1990-01-15"
"886",8474596,"1990-08-07"
"887",8474597,"1989-11-30"
"888",8474598,"1990-01-06"
"889",8474600,"1990-06-01"
"890",8474601,"1990-02-18"
"891",8474602,"1990-07-06"
"892",8474603,"1990-06-21"
"893",8474604,"1990-05-18"
"894",8474605,"1990-09-12"
"895",8474606,"1990-04-24"
"896",8474607,"1990-01-30"
"897",8474609,"1990-06-18"
"898",8474610,"1989-11-01"
"899",8474611,"1990-03-19"
"900",8474612,"1990-08-16"
"901",8474613,"1990-06-18"
"902",8474615,"1990-08-21"
"903",8474616,"1990-06-14"
"904",8474618,"1990-02-23"
"905",8474625,"1989-11-21"
"906",8474627,"1987-12-23"
"907",8474628,"1990-06-07"
"908",8474629,"1990-03-10"
"909",8474631,"1989-09-17"
"910",8474634,"1990-02-21"
"911",8474636,"1990-03-02"
"912",8474638,"1988-02-04"
"913",8474641,"1990-02-06"
"914",8474642,"1990-03-25"
"915",8474646,"1990-03-22"
"916",8474649,"1989-12-26"
"917",8474651,"1989-09-16"
"918",8474659,"1990-05-09"
"919",8474660,"1990-05-30"
"920",8474661,"1990-07-17"
"921",8474666,"1989-04-22"
"922",8474667,"1989-12-29"
"923",8474668,"1988-08-05"
"924",8474670,"1990-09-11"
"925",8474673,"1990-06-07"
"926",8474674,"1990-03-24"
"927",8474679,"1989-09-01"
"928",8474681,"1990-05-30"
"929",8474682,"1989-09-16"
"930",8474683,"1990-04-20"
"931",8474685,"1989-12-24"
"932",8474688,"1990-06-20"
"933",8474690,"1990-04-12"
"934",8474691,"1990-03-28"
"935",8474693,"1990-05-01"
"936",8474697,"1989-07-12"
"937",8474698,"1989-05-17"
"938",8474705,"1988-01-01"
"939",8474707,"1989-12-07"
"940",8474709,"1989-05-08"
"941",8474715,"1989-06-05"
"942",8474716,"1989-11-29"
"943",8474717,"1990-03-23"
"944",8474719,"1990-05-03"
"945",8474722,"1990-04-14"
"946",8474727,"1988-07-11"
"947",8474729,"1989-01-15"
"948",8474736,"1990-06-15"
"949",8474739,"1988-04-12"
"950",8474743,"1988-07-26"
"951",8474744,"1988-12-29"
"952",8474748,"1990-03-25"
"953",8474749,"1988-06-04"
"954",8474754,"1990-04-09"
"955",8474765,"1988-05-03"
"956",8474771,"1984-02-17"
"957",8474772,"1986-10-02"
"958",8474774,"1990-03-13"
"959",8474793,"1988-06-27"
"960",8474818,"1987-07-26"
"961",8474837,"1990-04-23"
"962",8474844,"1989-08-09"
"963",8474849,"1989-11-21"
"964",8474850,"1988-09-20"
"965",8474855,"1983-09-29"
"966",8474870,"1990-07-29"
"967",8474873,"1990-07-16"
"968",8474884,"1989-11-24"
"969",8474889,"1990-01-10"
"970",8474892,"1990-03-06"
"971",8474939,"1984-01-17"
"972",8475060,"1986-10-20"
"973",8475097,"1986-03-19"
"974",8475098,"1986-03-19"
"975",8475102,"1986-07-07"
"976",8475104,"1988-02-16"
"977",8475118,"1984-07-20"
"978",8475119,"1988-05-24"
"979",8475147,"1990-09-29"
"980",8475148,"1991-02-24"
"981",8475149,"1990-10-06"
"982",8475150,"1990-11-02"
"983",8475151,"1991-02-01"
"984",8475153,"1991-01-03"
"985",8475154,"1991-04-01"
"986",8475155,"1991-07-27"
"987",8475156,"1988-07-18"
"988",8475157,"1991-08-08"
"989",8475158,"1991-02-07"
"990",8475159,"1991-01-28"
"991",8475160,"1991-01-13"
"992",8475161,"1991-02-03"
"993",8475162,"1990-10-17"
"994",8475163,"1990-10-01"
"995",8475164,"1990-10-13"
"996",8475165,"1991-04-24"
"997",8475166,"1990-09-20"
"998",8475167,"1990-12-18"
"999",8475168,"1991-01-16"
"1000",8475169,"1991-08-02"
"1001",8475170,"1991-08-22"
"1002",8475171,"1991-07-17"
"1003",8475172,"1990-10-06"
"1004",8475173,"1991-02-22"
"1005",8475174,"1991-01-25"
"1006",8475175,"1991-04-12"
"1007",8475176,"1991-01-03"
"1008",8475177,"1991-05-09"
"1009",8475178,"1991-01-24"
"1010",8475179,"1990-10-29"
"1011",8475180,"1991-01-14"
"1012",8475181,"1991-03-20"
"1013",8475182,"1990-10-08"
"1014",8475183,"1991-01-26"
"1015",8475184,"1991-04-30"
"1016",8475185,"1991-03-02"
"1017",8475186,"1990-11-19"
"1018",8475188,"1991-01-21"
"1019",8475190,"1991-02-20"
"1020",8475191,"1991-04-01"
"1021",8475192,"1991-05-13"
"1022",8475193,"1990-12-01"
"1023",8475194,"1991-07-26"
"1024",8475195,"1990-03-19"
"1025",8475196,"1990-10-18"
"1026",8475197,"1991-07-26"
"1027",8475198,"1991-01-03"
"1028",8475199,"1991-05-08"
"1029",8475200,"1991-07-23"
"1030",8475203,"1991-04-19"
"1031",8475204,"1991-04-10"
"1032",8475206,"1991-01-30"
"1033",8475208,"1991-09-06"
"1034",8475209,"1991-02-07"
"1035",8475210,"1990-11-21"
"1036",8475213,"1991-01-29"
"1037",8475214,"1991-04-16"
"1038",8475215,"1991-07-24"
"1039",8475218,"1990-05-24"
"1040",8475219,"1990-12-12"
"1041",8475220,"1991-08-10"
"1042",8475222,"1991-06-03"
"1043",8475223,"1991-07-17"
"1044",8475224,"1991-05-14"
"1045",8475225,"1989-09-05"
"1046",8475227,"1990-01-07"
"1047",8475231,"1991-02-27"
"1048",8475233,"1990-10-22"
"1049",8475234,"1991-07-13"
"1050",8475235,"1991-02-22"
"1051",8475236,"1991-05-24"
"1052",8475243,"1991-01-03"
"1053",8475246,"1990-02-23"
"1054",8475247,"1991-05-25"
"1055",8475248,"1990-12-20"
"1056",8475250,"1991-02-22"
"1057",8475252,"1990-03-07"
"1058",8475253,"1991-03-16"
"1059",8475254,"1990-10-06"
"1060",8475260,"1990-09-10"
"1061",8475263,"1990-07-22"
"1062",8475264,"1991-05-21"
"1063",8475266,"1990-11-19"
"1064",8475268,"1990-09-23"
"1065",8475274,"1990-10-08"
"1066",8475275,"1991-03-21"
"1067",8475277,"1990-11-20"
"1068",8475278,"1991-03-12"
"1069",8475279,"1991-05-09"
"1070",8475283,"1989-08-25"
"1071",8475287,"1991-03-23"
"1072",8475291,"1991-09-02"
"1073",8475292,"1991-06-15"
"1074",8475294,"1991-07-13"
"1075",8475295,"1990-03-08"
"1076",8475296,"1991-08-17"
"1077",8475299,"1991-04-16"
"1078",8475303,"1990-05-01"
"1079",8475304,"1989-09-11"
"1080",8475309,"1991-02-19"
"1081",8475310,"1991-02-22"
"1082",8475311,"1990-05-05"
"1083",8475314,"1990-07-03"
"1084",8475321,"1990-12-04"
"1085",8475323,"1990-05-27"
"1086",8475324,"1990-09-21"
"1087",8475325,"1989-06-23"
"1088",8475328,"1991-06-06"
"1089",8475332,"1991-02-27"
"1090",8475342,"1989-03-24"
"1091",8475343,"1990-05-27"
"1092",8475361,"1984-10-24"
"1093",8475372,"1987-12-23"
"1094",8475395,"1991-09-03"
"1095",8475413,"1990-10-01"
"1096",8475414,"1990-09-13"
"1097",8475423,"1990-02-09"
"1098",8475430,"1990-06-04"
"1099",8475431,"1983-11-27"
"1100",8475436,"1989-02-16"
"1101",8475455,"1990-11-13"
"1102",8475461,"1991-01-03"
"1103",8475462,"1990-06-05"
"1104",8475567,"1986-12-05"
"1105",8475597,"1989-02-01"
"1106",8475598,"1989-07-20"
"1107",8475602,"1987-10-18"
"1108",8475603,"1987-04-09"
"1109",8475613,"1986-05-07"
"1110",8475619,"1985-05-30"
"1111",8475622,"1985-12-19"
"1112",8475625,"1987-11-29"
"1113",8475637,"1987-04-26"
"1114",8475640,"1988-12-15"
"1115",8475648,"1989-06-29"
"1116",8475650,"1987-01-31"
"1117",8475660,"1987-07-05"
"1118",8475661,"1989-10-06"
"1119",8475663,"1988-01-05"
"1120",8475671,"1990-05-20"
"1121",8475679,"1986-02-10"
"1122",8475680,"1987-05-22"
"1123",8475681,"1986-09-11"
"1124",8475683,"1988-09-20"
"1125",8475690,"1989-12-20"
"1126",8475692,"1987-09-01"
"1127",8475714,"1991-09-25"
"1128",8475715,"1991-10-29"
"1129",8475716,"1992-02-18"
"1130",8475717,"1992-04-15"
"1131",8475718,"1992-01-30"
"1132",8475720,"1992-03-26"
"1133",8475722,"1992-01-16"
"1134",8475723,"1992-06-15"
"1135",8475726,"1992-04-24"
"1136",8475727,"1992-01-30"
"1137",8475728,"1992-07-25"
"1138",8475729,"1991-10-18"
"1139",8475730,"1992-04-18"
"1140",8475732,"1991-09-29"
"1141",8475733,"1992-02-04"
"1142",8475734,"1991-12-04"
"1143",8475735,"1992-06-17"
"1144",8475736,"1992-02-25"
"1145",8475738,"1992-04-15"
"1146",8475739,"1992-05-31"
"1147",8475744,"1992-05-19"
"1148",8475745,"1992-03-02"
"1149",8475747,"1992-02-08"
"1150",8475748,"1992-06-30"
"1151",8475749,"1992-05-26"
"1152",8475750,"1992-02-03"
"1153",8475752,"1991-11-01"
"1154",8475753,"1992-03-20"
"1155",8475754,"1991-10-15"
"1156",8475755,"1992-03-03"
"1157",8475756,"1992-04-02"
"1158",8475757,"1992-04-26"
"1159",8475758,"1992-06-14"
"1160",8475759,"1992-02-18"
"1161",8475760,"1992-07-17"
"1162",8475761,"1991-11-27"
"1163",8475762,"1992-03-04"
"1164",8475763,"1992-05-08"
"1165",8475764,"1991-12-05"
"1166",8475765,"1991-12-13"
"1167",8475766,"1992-01-13"
"1168",8475767,"1991-10-20"
"1169",8475768,"1992-06-25"
"1170",8475769,"1992-01-21"
"1171",8475770,"1992-06-16"
"1172",8475772,"1991-12-07"
"1173",8475774,"1992-08-27"
"1174",8475775,"1990-07-29"
"1175",8475780,"1991-05-27"
"1176",8475781,"1992-02-11"
"1177",8475782,"1992-04-30"
"1178",8475784,"1992-05-16"
"1179",8475786,"1992-06-09"
"1180",8475788,"1991-10-21"
"1181",8475789,"1992-01-09"
"1182",8475790,"1992-01-07"
"1183",8475791,"1991-11-14"
"1184",8475792,"1992-05-02"
"1185",8475793,"1992-07-31"
"1186",8475794,"1992-01-31"
"1187",8475795,"1992-04-20"
"1188",8475796,"1992-01-11"
"1189",8475797,"1992-02-20"
"1190",8475798,"1992-02-26"
"1191",8475799,"1992-09-08"
"1192",8475800,"1992-01-02"
"1193",8475807,"1992-02-25"
"1194",8475808,"1992-04-09"
"1195",8475809,"1992-08-14"
"1196",8475810,"1992-05-11"
"1197",8475815,"1991-12-06"
"1198",8475816,"1992-01-17"
"1199",8475820,"1992-04-13"
"1200",8475824,"1992-08-06"
"1201",8475825,"1992-03-31"
"1202",8475826,"1991-12-24"
"1203",8475829,"1991-02-07"
"1204",8475831,"1991-11-25"
"1205",8475832,"1992-01-21"
"1206",8475833,"1992-05-13"
"1207",8475834,"1992-04-07"
"1208",8475836,"1991-01-30"
"1209",8475839,"1992-03-06"
"1210",8475841,"1991-01-27"
"1211",8475842,"1992-02-04"
"1212",8475844,"1992-04-30"
"1213",8475845,"1990-05-18"
"1214",8475848,"1992-05-06"
"1215",8475852,"1992-02-14"
"1216",8475855,"1991-12-02"
"1217",8475857,"1992-03-06"
"1218",8475868,"1990-07-15"
"1219",8475869,"1991-08-21"
"1220",8475876,"1992-08-20"
"1221",8475878,"1992-01-01"
"1222",8475883,"1989-10-02"
"1223",8475889,"1992-01-07"
"1224",8475893,"1990-03-24"
"1225",8475896,"1992-05-03"
"1226",8475902,"1990-08-26"
"1227",8475906,"1992-08-14"
"1228",8475907,"1992-04-20"
"1229",8475913,"1992-05-13"
"1230",8475917,"1990-06-03"
"1231",8475920,"1992-09-13"
"1232",8475949,"1991-08-28"
"1233",8475958,"1992-07-25"
"1234",8475968,"1991-08-31"
"1235",8475980,"1991-09-26"
"1236",8475982,"1988-12-11"
"1237",8475996,"1991-01-07"
"1238",8476020,"1992-07-29"
"1239",8476043,"1987-02-13"
"1240",8476062,"1988-08-12"
"1241",8476086,"1981-05-05"
"1242",8476116,"1985-08-12"
"1243",8476147,"1987-12-09"
"1244",8476158,"1987-09-01"
"1245",8476162,"1986-02-04"
"1246",8476166,"1988-06-04"
"1247",8476177,"1986-06-14"
"1248",8476179,"1987-07-16"
"1249",8476191,"1987-11-15"
"1250",8476195,"1989-12-14"
"1251",8476200,"1988-11-30"
"1252",8476205,"1989-07-11"
"1253",8476207,"1988-02-26"
"1254",8476209,"1988-01-20"
"1255",8476211,"1988-07-06"
"1256",8476214,"1988-09-13"
"1257",8476219,"1986-08-09"
"1258",8476224,"1986-12-20"
"1259",8476225,"1989-07-03"
"1260",8476227,"1988-02-06"
"1261",8476234,"1989-07-04"
"1262",8476235,"1987-11-06"
"1263",8476243,"1985-07-01"
"1264",8476244,"1986-01-09"
"1265",8476278,"1993-03-28"
"1266",8476279,"1991-08-20"
"1267",8476283,"1993-03-07"
"1268",8476285,"1993-04-27"
"1269",8476288,"1992-03-09"
"1270",8476289,"1992-01-02"
"1271",8476292,"1991-03-28"
"1272",8476293,"1992-04-24"
"1273",8476300,"1993-03-28"
"1274",8476302,"1993-03-26"
"1275",8476303,"1993-07-06"
"1276",8476304,"1993-01-04"
"1277",8476309,"1992-05-18"
"1278",8476310,"1993-02-25"
"1279",8476312,"1991-10-07"
"1280",8476316,"1993-03-23"
"1281",8476319,"1991-08-08"
"1282",8476322,"1992-02-02"
"1283",8476323,"1992-05-01"
"1284",8476326,"1992-10-06"
"1285",8476329,"1993-09-14"
"1286",8476330,"1992-11-26"
"1287",8476331,"1993-05-01"
"1288",8476336,"1991-08-25"
"1289",8476339,"1992-12-31"
"1290",8476341,"1992-11-27"
"1291",8476343,"1993-06-28"
"1292",8476344,"1993-04-27"
"1293",8476345,"1992-11-13"
"1294",8476346,"1993-08-13"
"1295",8476352,"1992-10-02"
"1296",8476356,"1993-01-10"
"1297",8476363,"1992-06-03"
"1298",8476367,"1992-05-18"
"1299",8476368,"1992-11-24"
"1300",8476370,"1993-02-20"
"1301",8476372,"1993-06-03"
"1302",8476374,"1993-01-20"
"1303",8476379,"1993-07-17"
"1304",8476381,"1991-07-20"
"1305",8476384,"1992-11-20"
"1306",8476386,"1992-11-16"
"1307",8476388,"1993-07-03"
"1308",8476389,"1993-07-11"
"1309",8476390,"1992-10-26"
"1310",8476391,"1992-02-25"
"1311",8476392,"1993-03-29"
"1312",8476393,"1993-07-20"
"1313",8476394,"1993-04-06"
"1314",8476396,"1993-04-19"
"1315",8476397,"1993-03-29"
"1316",8476399,"1991-11-28"
"1317",8476400,"1992-10-05"
"1318",8476401,"1993-03-09"
"1319",8476403,"1991-07-06"
"1320",8476404,"1991-05-17"
"1321",8476406,"1992-09-26"
"1322",8476407,"1993-04-27"
"1323",8476409,"1993-02-25"
"1324",8476410,"1993-05-26"
"1325",8476411,"1993-05-28"
"1326",8476412,"1993-07-11"
"1327",8476414,"1991-09-05"
"1328",8476415,"1992-10-24"
"1329",8476416,"1993-02-10"
"1330",8476418,"1993-02-15"
"1331",8476419,"1992-11-11"
"1332",8476422,"1993-07-13"
"1333",8476423,"1993-09-08"
"1334",8476425,"1993-04-16"
"1335",8476426,"1993-04-09"
"1336",8476427,"1993-02-05"
"1337",8476428,"1993-02-08"
"1338",8476429,"1992-10-14"
"1339",8476430,"1992-12-28"
"1340",8476431,"1992-10-26"
"1341",8476432,"1993-06-15"
"1342",8476433,"1991-04-04"
"1343",8476434,"1993-07-14"
"1344",8476435,"1993-09-09"
"1345",8476436,"1993-03-23"
"1346",8476437,"1993-03-01"
"1347",8476438,"1992-10-27"
"1348",8476439,"1993-07-01"
"1349",8476440,"1993-04-16"
"1350",8476441,"1993-06-28"
"1351",8476442,"1992-11-05"
"1352",8476443,"1993-07-29"
"1353",8476444,"1992-12-27"
"1354",8476445,"1992-09-21"
"1355",8476447,"1993-03-09"
"1356",8476448,"1993-01-08"
"1357",8476449,"1993-03-10"
"1358",8476450,"1993-01-13"
"1359",8476451,"1993-01-23"
"1360",8476452,"1993-03-12"
"1361",8476453,"1993-06-17"
"1362",8476454,"1993-04-12"
"1363",8476455,"1992-11-23"
"1364",8476456,"1993-06-04"
"1365",8476457,"1992-11-12"
"1366",8476458,"1993-07-11"
"1367",8476459,"1993-04-18"
"1368",8476460,"1993-03-15"
"1369",8476461,"1992-12-07"
"1370",8476462,"1993-06-17"
"1371",8476463,"1993-07-12"
"1372",8476464,"1993-09-07"
"1373",8476465,"1993-03-31"
"1374",8476466,"1992-10-05"
"1375",8476467,"1992-12-21"
"1376",8476468,"1993-03-14"
"1377",8476469,"1993-05-31"
"1378",8476470,"1992-12-05"
"1379",8476471,"1993-02-22"
"1380",8476472,"1993-07-20"
"1381",8476473,"1993-03-26"
"1382",8476474,"1993-02-12"
"1383",8476476,"1992-12-09"
"1384",8476477,"1993-01-24"
"1385",8476478,"1993-05-18"
"1386",8476479,"1993-02-24"
"1387",8476480,"1992-11-22"
"1388",8476482,"1993-03-06"
"1389",8476483,"1993-05-05"
"1390",8476495,"1993-01-04"
"1391",8476505,"1992-09-13"
"1392",8476509,"1993-01-12"
"1393",8476511,"1993-07-25"
"1394",8476522,"1991-03-04"
"1395",8476525,"1992-10-29"
"1396",8476526,"1993-01-16"
"1397",8476536,"1993-06-20"
"1398",8476539,"1990-12-27"
"1399",8476545,"1993-04-20"
"1400",8476549,"1991-06-20"
"1401",8476617,"1993-03-23"
"1402",8476619,"1993-01-07"
"1403",8476624,"1993-02-26"
"1404",8476763,"1988-11-02"
"1405",8476765,"1991-05-15"
"1406",8476766,"1990-08-26"
"1407",8476769,"1989-01-21"
"1408",8476772,"1988-06-01"
"1409",8476779,"1988-08-24"
"1410",8476792,"1991-04-12"
"1411",8476798,"1987-11-21"
"1412",8476799,"1988-10-07"
"1413",8476803,"1987-04-09"
"1414",8476805,"1988-04-30"
"1415",8476806,"1990-07-02"
"1416",8476807,"1990-04-23"
"1417",8476808,"1988-07-26"
"1418",8476819,"1988-04-30"
"1419",8476822,"1989-04-28"
"1420",8476826,"1991-12-15"
"1421",8476827,"1989-05-26"
"1422",8476834,"1985-12-10"
"1423",8476835,"1987-04-19"
"1424",8476839,"1982-08-08"
"1425",8476844,"1989-09-04"
"1426",8476846,"1984-02-16"
"1427",8476849,"1988-08-06"
"1428",8476850,"1993-09-27"
"1429",8476851,"1994-02-12"
"1430",8476852,"1994-01-24"
"1431",8476853,"1994-03-09"
"1432",8476854,"1994-01-20"
"1433",8476855,"1993-10-06"
"1434",8476856,"1994-07-25"
"1435",8476857,"1993-09-23"
"1436",8476858,"1993-10-09"
"1437",8476861,"1994-02-28"
"1438",8476866,"1994-01-11"
"1439",8476867,"1994-03-25"
"1440",8476868,"1994-02-07"
"1441",8476869,"1994-03-26"
"1442",8476870,"1994-02-23"
"1443",8476871,"1992-08-10"
"1444",8476872,"1994-05-30"
"1445",8476873,"1994-09-13"
"1446",8476874,"1994-08-22"
"1447",8476875,"1994-02-27"
"1448",8476876,"1993-12-21"
"1449",8476877,"1993-10-08"
"1450",8476878,"1994-01-05"
"1451",8476879,"1993-12-21"
"1452",8476880,"1994-03-29"
"1453",8476881,"1993-11-12"
"1454",8476882,"1994-09-11"
"1455",8476883,"1994-07-25"
"1456",8476884,"1994-01-16"
"1457",8476885,"1994-02-26"
"1458",8476886,"1994-02-18"
"1459",8476887,"1994-08-13"
"1460",8476888,"1994-05-16"
"1461",8476889,"1994-01-09"
"1462",8476890,"1994-05-15"
"1463",8476891,"1994-01-05"
"1464",8476892,"1993-05-12"
"1465",8476894,"1994-05-19"
"1466",8476897,"1994-03-23"
"1467",8476899,"1994-05-25"
"1468",8476902,"1994-05-23"
"1469",8476903,"1994-01-22"
"1470",8476904,"1994-05-18"
"1471",8476905,"1994-04-22"
"1472",8476906,"1993-04-20"
"1473",8476907,"1994-03-09"
"1474",8476910,"1994-01-24"
"1475",8476911,"1993-04-06"
"1476",8476913,"1994-07-19"
"1477",8476914,"1994-04-28"
"1478",8476915,"1994-08-13"
"1479",8476917,"1994-08-16"
"1480",8476918,"1993-05-26"
"1481",8476919,"1994-07-01"
"1482",8476921,"1992-07-25"
"1483",8476922,"1994-01-23"
"1484",8476923,"1994-08-07"
"1485",8476924,"1993-10-05"
"1486",8476925,"1993-11-05"
"1487",8476927,"1994-08-15"
"1488",8476931,"1993-10-12"
"1489",8476932,"1994-01-20"
"1490",8476934,"1994-02-02"
"1491",8476941,"1994-04-13"
"1492",8476944,"1992-06-11"
"1493",8476945,"1993-05-19"
"1494",8476947,"1993-09-17"
"1495",8476948,"1994-06-23"
"1496",8476952,"1994-03-09"
"1497",8476953,"1994-07-04"
"1498",8476955,"1994-02-15"
"1499",8476958,"1994-05-01"
"1500",8476960,"1994-08-06"
"1501",8476966,"1994-04-16"
"1502",8476967,"1994-01-06"
"1503",8476971,"1993-05-20"
"1504",8476974,"1994-04-29"
"1505",8476975,"1993-08-13"
"1506",8476979,"1992-03-14"
"1507",8476981,"1994-05-07"
"1508",8476982,"1994-01-30"
"1509",8476983,"1992-09-06"
"1510",8476986,"1994-07-22"
"1511",8476987,"1994-07-25"
"1512",8476988,"1994-05-25"
"1513",8476989,"1993-09-23"
"1514",8476992,"1991-07-18"
"1515",8476994,"1994-04-03"
"1516",8476999,"1993-07-31"
"1517",8477003,"1994-02-07"
"1518",8477006,"1994-04-05"
"1519",8477009,"1994-03-24"
"1520",8477010,"1994-07-18"
"1521",8477015,"1994-01-14"
"1522",8477018,"1993-04-20"
"1523",8477021,"1994-08-11"
"1524",8477033,"1992-11-16"
"1525",8477034,"1992-12-10"
"1526",8477038,"1992-07-08"
"1527",8477041,"1993-06-16"
"1528",8477043,"1994-08-06"
"1529",8477046,"1993-06-17"
"1530",8477059,"1986-03-09"
"1531",8477070,"1994-07-29"
"1532",8477073,"1994-03-25"
"1533",8477076,"1993-07-10"
"1534",8477082,"1989-03-12"
"1535",8477084,"1994-06-15"
"1536",8477085,"1994-05-27"
"1537",8477091,"1994-05-22"
"1538",8477092,"1993-04-20"
"1539",8477126,"1990-02-01"
"1540",8477127,"1992-08-24"
"1541",8477149,"1992-07-30"
"1542",8477180,"1989-05-04"
"1543",8477201,"1989-08-11"
"1544",8477202,"1988-02-11"
"1545",8477205,"1990-11-29"
"1546",8477210,"1991-09-30"
"1547",8477213,"1990-11-16"
"1548",8477214,"1990-01-31"
"1549",8477215,"1990-03-07"
"1550",8477220,"1991-07-16"
"1551",8477225,"1991-11-05"
"1552",8477227,"1988-07-07"
"1553",8477228,"1990-03-23"
"1554",8477234,"1989-08-27"
"1555",8477237,"1990-04-27"
"1556",8477240,"1989-05-10"
"1557",8477243,"1989-06-29"
"1558",8477244,"1990-05-07"
"1559",8477249,"1988-09-18"
"1560",8477289,"1986-07-29"
"1561",8477290,"1988-12-01"
"1562",8477293,"1989-05-12"
"1563",8477300,"1991-05-24"
"1564",8477312,"1994-05-01"
"1565",8477314,"1995-05-11"
"1566",8477320,"1995-03-14"
"1567",8477326,"1992-02-05"
"1568",8477330,"1995-08-21"
"1569",8477335,"1995-07-12"
"1570",8477337,"1993-05-17"
"1571",8477341,"1994-11-21"
"1572",8477343,"1994-12-05"
"1573",8477346,"1994-01-07"
"1574",8477353,"1995-03-10"
"1575",8477355,"1995-01-06"
"1576",8477356,"1992-07-31"
"1577",8477357,"1994-05-29"
"1578",8477359,"1993-06-08"
"1579",8477361,"1994-10-19"
"1580",8477365,"1995-04-28"
"1581",8477366,"1994-09-19"
"1582",8477369,"1994-07-27"
"1583",8477380,"1993-06-19"
"1584",8477384,"1994-01-21"
"1585",8477391,"1995-04-30"
"1586",8477392,"1995-07-28"
"1587",8477399,"1994-01-26"
"1588",8477401,"1995-02-14"
"1589",8477402,"1995-04-17"
"1590",8477404,"1994-10-06"
"1591",8477405,"1994-11-25"
"1592",8477406,"1992-12-08"
"1593",8477407,"1995-08-26"
"1594",8477409,"1995-08-14"
"1595",8477410,"1994-10-04"
"1596",8477413,"1993-03-21"
"1597",8477415,"1994-05-13"
"1598",8477416,"1995-04-10"
"1599",8477417,"1995-08-02"
"1600",8477419,"1995-04-19"
"1601",8477424,"1995-04-19"
"1602",8477425,"1995-09-13"
"1603",8477426,"1995-03-20"
"1604",8477427,"1995-07-22"
"1605",8477428,"1994-05-14"
"1606",8477429,"1994-07-08"
"1607",8477433,"1995-01-12"
"1608",8477435,"1995-05-21"
"1609",8477444,"1995-02-09"
"1610",8477445,"1994-10-13"
"1611",8477446,"1995-03-07"
"1612",8477447,"1995-08-03"
"1613",8477448,"1994-11-30"
"1614",8477449,"1995-03-02"
"1615",8477450,"1995-07-04"
"1616",8477451,"1994-09-20"
"1617",8477452,"1995-08-05"
"1618",8477453,"1995-02-22"
"1619",8477454,"1995-04-20"
"1620",8477455,"1995-05-20"
"1621",8477456,"1995-04-08"
"1622",8477457,"1995-05-28"
"1623",8477458,"1995-05-15"
"1624",8477460,"1995-03-27"
"1625",8477461,"1995-04-16"
"1626",8477462,"1995-02-08"
"1627",8477463,"1995-03-07"
"1628",8477464,"1995-03-22"
"1629",8477465,"1995-04-29"
"1630",8477466,"1994-10-23"
"1631",8477467,"1994-12-01"
"1632",8477471,"1995-05-09"
"1633",8477472,"1995-01-28"
"1634",8477473,"1995-07-01"
"1635",8477474,"1995-04-22"
"1636",8477476,"1995-07-04"
"1637",8477478,"1994-12-20"
"1638",8477479,"1995-02-24"
"1639",8477480,"1995-07-06"
"1640",8477482,"1994-11-09"
"1641",8477484,"1995-06-08"
"1642",8477486,"1994-12-14"
"1643",8477488,"1994-11-15"
"1644",8477491,"1995-08-04"
"1645",8477492,"1995-09-01"
"1646",8477493,"1995-09-02"
"1647",8477494,"1995-03-28"
"1648",8477495,"1994-10-03"
"1649",8477496,"1994-12-02"
"1650",8477497,"1994-10-12"
"1651",8477498,"1995-02-04"
"1652",8477499,"1994-10-27"
"1653",8477500,"1995-04-05"
"1654",8477501,"1995-03-04"
"1655",8477502,"1995-07-12"
"1656",8477503,"1995-03-02"
"1657",8477504,"1995-03-28"
"1658",8477505,"1994-09-22"
"1659",8477506,"1994-10-06"
"1660",8477507,"1995-04-16"
"1661",8477508,"1995-02-02"
"1662",8477509,"1995-03-21"
"1663",8477510,"1994-10-07"
"1664",8477511,"1994-09-16"
"1665",8477512,"1995-04-26"
"1666",8477520,"1994-02-08"
"1667",8477527,"1994-02-18"
"1668",8477529,"1994-12-26"
"1669",8477541,"1994-01-05"
"1670",8477544,"1992-11-07"
"1671",8477566,"1995-02-03"
"1672",8477573,"1994-02-07"
"1673",8477583,"1993-02-08"
"1674",8477589,"1991-02-28"
"1675",8477591,"1990-07-14"
"1676",8477631,"1995-03-29"
"1677",8477634,"1995-07-17"
"1678",8477642,"1995-05-11"
"1679",8477666,"1989-03-10"
"1680",8477680,"1992-10-29"
"1681",8477715,"1993-04-04"
"1682",8477810,"1991-06-08"
"1683",8477814,"1991-01-09"
"1684",8477816,"1992-08-18"
"1685",8477831,"1992-01-18"
"1686",8477832,"1990-05-20"
"1687",8477836,"1992-02-28"
"1688",8477839,"1992-06-08"
"1689",8477845,"1991-07-24"
"1690",8477846,"1991-01-18"
"1691",8477847,"1991-11-12"
"1692",8477850,"1991-02-09"
"1693",8477851,"1992-06-25"
"1694",8477865,"1991-03-08"
"1695",8477881,"1990-08-16"
"1696",8477887,"1992-05-29"
"1697",8477901,"1991-11-01"
"1698",8477902,"1991-12-31"
"1699",8477903,"1991-11-23"
"1700",8477913,"1989-09-15"
"1701",8477914,"1992-05-22"
"1702",8477916,"1992-03-25"
"1703",8477919,"1993-05-01"
"1704",8477922,"1990-07-18"
"1705",8477923,"1990-01-04"
"1706",8477929,"1990-07-03"
"1707",8477930,"1985-03-06"
"1708",8477931,"1992-09-01"
"1709",8477932,"1996-02-07"
"1710",8477933,"1995-11-06"
"1711",8477934,"1995-10-27"
"1712",8477935,"1996-06-20"
"1713",8477936,"1996-06-20"
"1714",8477937,"1996-08-17"
"1715",8477938,"1996-07-08"
"1716",8477939,"1996-05-01"
"1717",8477940,"1996-02-14"
"1718",8477941,"1995-12-05"
"1719",8477942,"1996-07-22"
"1720",8477943,"1996-04-27"
"1721",8477944,"1996-02-28"
"1722",8477945,"1995-12-03"
"1723",8477946,"1996-07-30"
"1724",8477947,"1996-05-12"
"1725",8477948,"1996-03-29"
"1726",8477949,"1996-05-10"
"1727",8477950,"1995-10-24"
"1728",8477951,"1996-02-23"
"1729",8477952,"1996-01-22"
"1730",8477953,"1996-07-23"
"1731",8477955,"1996-05-31"
"1732",8477956,"1996-05-25"
"1733",8477957,"1995-12-30"
"1734",8477958,"1995-10-07"
"1735",8477959,"1996-01-22"
"1736",8477960,"1996-09-13"
"1737",8477961,"1996-04-16"
"1738",8477962,"1996-03-15"
"1739",8477963,"1996-01-01"
"1740",8477964,"1995-12-14"
"1741",8477967,"1995-12-08"
"1742",8477968,"1996-01-07"
"1743",8477969,"1996-05-08"
"1744",8477970,"1996-01-09"
"1745",8477971,"1996-01-21"
"1746",8477972,"1996-02-15"
"1747",8477973,"1996-08-12"
"1748",8477974,"1996-02-14"
"1749",8477979,"1996-05-10"
"1750",8477981,"1996-01-20"
"1751",8477983,"1996-02-20"
"1752",8477986,"1994-04-11"
"1753",8477987,"1996-04-09"
"1754",8477989,"1996-02-02"
"1755",8477990,"1996-03-29"
"1756",8477992,"1995-09-19"
"1757",8477993,"1996-08-02"
"1758",8477994,"1996-02-25"
"1759",8477996,"1996-01-29"
"1760",8477997,"1994-08-30"
"1761",8477998,"1996-04-01"
"1762",8478004,"1995-09-24"
"1763",8478007,"1994-04-13"
"1764",8478009,"1995-08-04"
"1765",8478010,"1996-03-13"
"1766",8478011,"1996-05-14"
"1767",8478013,"1996-02-20"
"1768",8478017,"1995-12-25"
"1769",8478020,"1996-05-13"
"1770",8478021,"1996-02-22"
"1771",8478024,"1995-02-06"
"1772",8478027,"1995-09-05"
"1773",8478028,"1996-05-27"
"1774",8478029,"1995-10-25"
"1775",8478031,"1996-05-27"
"1776",8478036,"1996-04-05"
"1777",8478038,"1994-02-21"
"1778",8478039,"1996-08-16"
"1779",8478040,"1996-02-16"
"1780",8478042,"1993-04-08"
"1781",8478043,"1995-03-06"
"1782",8478046,"1995-07-05"
"1783",8478047,"1995-09-17"
"1784",8478048,"1995-12-30"
"1785",8478049,"1996-05-28"
"1786",8478051,"1995-02-13"
"1787",8478055,"1996-06-12"
"1788",8478056,"1996-03-29"
"1789",8478057,"1996-05-15"
"1790",8478058,"1994-03-17"
"1791",8478062,"1996-08-17"
"1792",8478063,"1996-07-10"
"1793",8478067,"1996-08-15"
"1794",8478069,"1994-02-19"
"1795",8478073,"1994-11-29"
"1796",8478074,"1996-03-06"
"1797",8478075,"1996-08-05"
"1798",8478078,"1996-04-03"
"1799",8478099,"1995-12-12"
"1800",8478104,"1996-06-17"
"1801",8478106,"1995-06-01"
"1802",8478109,"1995-07-18"
"1803",8478115,"1996-05-31"
"1804",8478131,"1995-11-08"
"1805",8478133,"1996-06-02"
"1806",8478136,"1996-01-02"
"1807",8478137,"1992-06-10"
"1808",8478146,"1996-02-27"
"1809",8478147,"1996-08-03"
"1810",8478173,"1996-03-02"
"1811",8478176,"1996-05-04"
"1812",8478178,"1996-02-28"
"1813",8478211,"1995-11-24"
"1814",8478224,"1995-11-06"
"1815",8478233,"1996-04-04"
"1816",8478250,"1995-10-05"
"1817",8478268,"1994-02-14"
"1818",8478365,"1994-12-12"
"1819",8478366,"1994-03-14"
"1820",8478367,"1993-07-22"
"1821",8478371,"1990-07-03"
"1822",8478373,"1993-10-14"
"1823",8478376,"1991-10-27"
"1824",8478393,"1992-05-04"
"1825",8478396,"1997-01-25"
"1826",8478397,"1996-10-27"
"1827",8478398,"1996-12-09"
"1828",8478399,"1997-05-06"
"1829",8478400,"1997-01-30"
"1830",8478401,"1997-04-06"
"1831",8478402,"1997-01-13"
"1832",8478403,"1996-10-28"
"1833",8478406,"1996-12-09"
"1834",8478407,"1996-10-29"
"1835",8478408,"1996-12-22"
"1836",8478409,"1996-12-20"
"1837",8478413,"1997-02-16"
"1838",8478414,"1996-10-08"
"1839",8478415,"1997-02-21"
"1840",8478416,"1997-05-28"
"1841",8478417,"1996-10-31"
"1842",8478420,"1996-10-29"
"1843",8478421,"1996-12-14"
"1844",8478424,"1997-05-23"
"1845",8478425,"1997-07-29"
"1846",8478427,"1997-07-26"
"1847",8478430,"1997-05-19"
"1848",8478431,"1996-10-31"
"1849",8478432,"1997-04-15"
"1850",8478433,"1997-01-12"
"1851",8478434,"1997-04-08"
"1852",8478435,"1997-08-20"
"1853",8478436,"1997-01-28"
"1854",8478438,"1997-04-28"
"1855",8478439,"1997-03-11"
"1856",8478440,"1997-03-07"
"1857",8478442,"1996-12-20"
"1858",8478443,"1996-11-26"
"1859",8478444,"1997-02-25"
"1860",8478445,"1997-05-26"
"1861",8478446,"1997-03-25"
"1862",8478447,"1997-05-23"
"1863",8478449,"1996-11-17"
"1864",8478450,"1997-08-24"
"1865",8478451,"1997-06-26"
"1866",8478452,"1997-06-06"
"1867",8478454,"1997-04-02"
"1868",8478455,"1997-06-23"
"1869",8478458,"1997-01-29"
"1870",8478460,"1997-07-19"
"1871",8478462,"1997-02-05"
"1872",8478463,"1997-06-08"
"1873",8478465,"1997-07-21"
"1874",8478466,"1997-03-17"
"1875",8478467,"1997-07-18"
"1876",8478468,"1997-04-28"
"1877",8478469,"1997-01-30"
"1878",8478470,"1996-10-30"
"1879",8478472,"1997-02-09"
"1880",8478474,"1997-06-23"
"1881",8478476,"1997-08-13"
"1882",8478477,"1997-02-05"
"1883",8478480,"1997-01-02"
"1884",8478483,"1997-05-05"
"1885",8478485,"1997-03-30"
"1886",8478486,"1997-08-23"
"1887",8478488,"1997-06-03"
"1888",8478491,"1997-04-29"
"1889",8478492,"1997-02-22"
"1890",8478493,"1997-01-29"
"1891",8478495,"1997-06-07"
"1892",8478498,"1996-10-17"
"1893",8478499,"1996-05-11"
"1894",8478500,"1997-01-13"
"1895",8478502,"1996-10-30"
"1896",8478506,"1997-01-02"
"1897",8478507,"1997-05-21"
"1898",8478508,"1997-01-13"
"1899",8478512,"1992-12-12"
"1900",8478519,"1997-07-15"
"1901",8478528,"1992-07-24"
"1902",8478541,"1993-03-26"
"1903",8478542,"1993-07-28"
"1904",8478550,"1991-10-30"
"1905",8478559,"1992-02-14"
"1906",8478561,"1990-06-13"
"1907",8478562,"1987-12-30"
"1908",8478563,"1982-08-27"
"1909",8478564,"1988-04-07"
"1910",8478566,"1991-03-17"
"1911",8478567,"1993-07-08"
"1912",8478569,"1991-12-01"
"1913",8478584,"1992-12-26"
"1914",8478585,"1986-12-29"
"1915",8478831,"1996-09-20"
"1916",8478833,"1997-03-25"
"1917",8478838,"1996-01-25"
"1918",8478839,"1997-01-07"
"1919",8478840,"1996-12-19"
"1920",8478841,"1997-05-03"
"1921",8478842,"1994-07-29"
"1922",8478843,"1997-01-18"
"1923",8478844,"1997-01-05"
"1924",8478846,"1995-03-17"
"1925",8478851,"1996-10-08"
"1926",8478856,"1996-03-11"
"1927",8478857,"1996-10-01"
"1928",8478859,"1996-04-27"
"1929",8478864,"1997-04-26"
"1930",8478866,"1994-08-08"
"1931",8478868,"1996-04-02"
"1932",8478870,"1997-04-08"
"1933",8478872,"1996-05-25"
"1934",8478873,"1997-09-10"
"1935",8478874,"1996-10-03"
"1936",8478881,"1996-02-28"
"1937",8478882,"1995-11-21"
"1938",8478888,"1996-10-09"
"1939",8478891,"1996-01-15"
"1940",8478902,"1996-10-14"
"1941",8478903,"1997-05-12"
"1942",8478904,"1996-04-13"
"1943",8478905,"1996-11-28"
"1944",8478906,"1994-06-06"
"1945",8478911,"1995-03-01"
"1946",8478915,"1996-10-10"
"1947",8478916,"1996-08-19"
"1948",8478928,"1990-06-03"
"1949",8478933,"1997-07-09"
"1950",8478949,"1997-01-22"
"1951",8478963,"1992-02-14"
"1952",8478965,"1995-04-10"
"1953",8478967,"1997-08-04"
"1954",8478970,"1996-05-15"
"1955",8478971,"1997-03-31"
"1956",8478975,"1995-06-18"
"1957",8478996,"1996-05-06"
"1958",8478999,"1991-04-29"
"1959",8479016,"1995-08-24"
"1960",8479026,"1997-01-25"
"1961",8479066,"1994-12-09"
"1962",8479115,"1979-01-30"
"1963",8479138,"1982-01-17"
"1964",8479188,"1977-08-12"
"1965",8479193,"1991-08-13"
"1966",8479206,"1991-08-20"
"1967",8479249,"1994-01-14"
"1968",8479250,"1992-11-01"
"1969",8479252,"1994-06-01"
"1970",8479268,"1992-07-18"
"1971",8479288,"1993-10-02"
"1972",8479289,"1992-11-17"
"1973",8479290,"1993-04-14"
"1974",8479291,"1993-05-21"
"1975",8479292,"1993-12-18"
"1976",8479293,"1991-12-31"
"1977",8479294,"1992-05-30"
"1978",8479304,"1992-05-05"
"1979",8479312,"1992-12-09"
"1980",8479313,"1997-12-30"
"1981",8479314,"1997-12-11"
"1982",8479315,"1998-06-19"
"1983",8479316,"1997-12-04"
"1984",8479318,"1997-09-17"
"1985",8479320,"1997-11-05"
"1986",8479321,"1997-11-16"
"1987",8479322,"1997-10-14"
"1988",8479323,"1998-02-17"
"1989",8479324,"1998-02-11"
"1990",8479325,"1997-12-21"
"1991",8479328,"1997-10-15"
"1992",8479329,"1997-12-27"
"1993",8479330,"1997-11-07"
"1994",8479333,"1998-02-04"
"1995",8479335,"1997-12-03"
"1996",8479336,"1997-12-01"
"1997",8479337,"1997-12-18"
"1998",8479338,"1998-06-08"
"1999",8479339,"1998-04-19"
"2000",8479341,"1998-06-19"
"2001",8479343,"1998-07-29"
"2002",8479344,"1998-05-07"
"2003",8479345,"1998-03-31"
"2004",8479346,"1998-07-20"
"2005",8479347,"1998-03-15"
"2006",8479348,"1998-06-05"
"2007",8479351,"1998-02-03"
"2008",8479353,"1998-03-29"
"2009",8479355,"1998-05-05"
"2010",8479356,"1998-06-10"
"2011",8479358,"1997-11-24"
"2012",8479359,"1998-02-04"
"2013",8479361,"1998-07-12"
"2014",8479362,"1998-04-10"
"2015",8479364,"1998-04-14"
"2016",8479365,"1998-02-11"
"2017",8479366,"1998-03-05"
"2018",8479367,"1998-06-20"
"2019",8479368,"1998-02-17"
"2020",8479369,"1998-03-17"
"2021",8479370,"1998-03-14"
"2022",8479371,"1998-06-20"
"2023",8479372,"1998-05-05"
"2024",8479373,"1997-12-20"
"2025",8479375,"1998-07-10"
"2026",8479376,"1998-06-07"
"2027",8479378,"1998-05-26"
"2028",8479379,"1998-02-27"
"2029",8479380,"1998-01-03"
"2030",8479381,"1998-09-07"
"2031",8479382,"1998-04-16"
"2032",8479383,"1998-06-18"
"2033",8479385,"1998-05-05"
"2034",8479387,"1998-02-10"
"2035",8479388,"1998-03-09"
"2036",8479390,"1998-02-18"
"2037",8479393,"1998-07-28"
"2038",8479394,"1998-08-13"
"2039",8479395,"1998-02-15"
"2040",8479398,"1998-05-12"
"2041",8479400,"1998-06-24"
"2042",8479402,"1998-06-09"
"2043",8479404,"1997-08-06"
"2044",8479406,"1998-06-07"
"2045",8479407,"1998-07-30"
"2046",8479410,"1998-06-25"
"2047",8479411,"1998-05-08"
"2048",8479413,"1998-01-09"
"2049",8479414,"1997-12-06"
"2050",8479415,"1998-02-03"
"2051",8479416,"1998-03-25"
"2052",8479419,"1998-07-20"
"2053",8479420,"1997-10-30"
"2054",8479421,"1998-08-31"
"2055",8479423,"1998-03-02"
"2056",8479424,"1998-06-27"
"2057",8479425,"1997-11-02"
"2058",8479439,"1993-02-26"
"2059",8479442,"1994-04-07"
"2060",8479447,"1993-09-30"
"2061",8479458,"1991-10-29"
"2062",8479462,"1998-03-01"
"2063",8479465,"1994-06-20"
"2064",8479466,"1993-01-04"
"2065",8479482,"1990-09-08"
"2066",8479483,"1989-07-27"
"2067",8479496,"1992-08-19"
"2068",8479510,"1996-07-10"
"2069",8479511,"1998-05-25"
"2070",8479512,"1997-07-10"
"2071",8479514,"1997-04-02"
"2072",8479516,"1998-04-13"
"2073",8479518,"1998-01-12"
"2074",8479520,"1997-05-22"
"2075",8479523,"1997-07-05"
"2076",8479525,"1996-09-11"
"2077",8479526,"1998-09-01"
"2078",8479530,"1997-05-02"
"2079",8479533,"1998-02-25"
"2080",8479534,"1998-09-04"
"2081",8479536,"1998-02-10"
"2082",8479542,"1998-08-27"
"2083",8479543,"1998-03-13"
"2084",8479546,"1998-03-09"
"2085",8479547,"1998-04-06"
"2086",8479550,"1997-06-01"
"2087",8479553,"1995-01-13"
"2088",8479557,"1997-06-27"
"2089",8479571,"1998-07-17"
"2090",8479573,"1998-03-12"
"2091",8479576,"1996-05-29"
"2092",8479578,"1997-02-25"
"2093",8479580,"1996-08-26"
"2094",8479581,"1998-01-06"
"2095",8479587,"1996-02-28"
"2096",8479591,"1996-09-09"
"2097",8479595,"1996-01-26"
"2098",8479597,"1996-03-19"
"2099",8479602,"1996-12-04"
"2100",8479613,"1996-08-13"
"2101",8479619,"1996-05-19"
"2102",8479638,"1998-02-02"
"2103",8479639,"1998-02-19"
"2104",8479644,"1997-05-05"
"2105",8479648,"1992-01-06"
"2106",8479650,"1987-03-12"
"2107",8479657,"1997-02-25"
"2108",8479661,"1997-05-29"
"2109",8479671,"1997-02-11"
"2110",8479675,"1995-03-31"
"2111",8479705,"1997-01-28"
"2112",8479718,"1997-05-21"
"2113",8479729,"1997-12-11"
"2114",8479734,"1997-05-24"
"2115",8479748,"1995-07-29"
"2116",8479755,"1992-12-06"
"2117",8479772,"1996-07-08"
"2118",8479933,"1992-12-31"
"2119",8479941,"1993-03-15"
"2120",8479944,"1994-08-10"
"2121",8479945,"1994-05-12"
"2122",8479968,"1995-02-06"
"2123",8479969,"1994-01-21"
"2124",8479970,"1993-12-01"
"2125",8479972,"1998-11-03"
"2126",8479973,"1998-11-01"
"2127",8479974,"1998-09-19"
"2128",8479976,"1998-10-06"
"2129",8479977,"1998-09-29"
"2130",8479979,"1998-12-18"
"2131",8479980,"1998-12-05"
"2132",8479981,"1998-10-12"
"2133",8479982,"1998-09-18"
"2134",8479983,"1998-09-17"
"2135",8479984,"1998-12-13"
"2136",8479985,"1998-11-19"
"2137",8479986,"1998-10-16"
"2138",8479987,"1998-07-20"
"2139",8479991,"1999-03-10"
"2140",8479992,"1999-04-17"
"2141",8479994,"1999-09-12"
"2142",8479996,"1999-04-01"
"2143",8479998,"1999-05-25"
"2144",8479999,"1998-11-22"
"2145",8480001,"1999-01-01"
"2146",8480002,"1999-01-04"
"2147",8480003,"1998-10-30"
"2148",8480005,"1999-06-01"
"2149",8480007,"1999-03-31"
"2150",8480008,"1999-05-11"
"2151",8480009,"1999-04-22"
"2152",8480011,"1999-05-05"
"2153",8480012,"1998-11-12"
"2154",8480014,"1999-08-16"
"2155",8480015,"1999-02-16"
"2156",8480018,"1999-08-10"
"2157",8480019,"1999-02-15"
"2158",8480021,"1999-02-18"
"2159",8480022,"1999-06-09"
"2160",8480023,"1999-07-02"
"2161",8480025,"1999-07-14"
"2162",8480027,"1999-07-22"
"2163",8480028,"1999-05-14"
"2164",8480029,"1999-09-13"
"2165",8480031,"1999-01-08"
"2166",8480032,"1999-07-30"
"2167",8480034,"1999-03-11"
"2168",8480035,"1999-06-17"
"2169",8480036,"1999-07-18"
"2170",8480037,"1999-01-09"
"2171",8480039,"1999-01-15"
"2172",8480041,"1999-06-16"
"2173",8480042,"1999-06-22"
"2174",8480043,"1999-04-30"
"2175",8480045,"1999-03-09"
"2176",8480049,"1999-01-24"
"2177",8480051,"1999-08-11"
"2178",8480053,"1999-06-09"
"2179",8480054,"1999-04-21"
"2180",8480056,"1999-05-20"
"2181",8480058,"1999-07-01"
"2182",8480060,"1999-04-04"
"2183",8480063,"1999-06-23"
"2184",8480064,"1999-05-05"
"2185",8480068,"1999-01-03"
"2186",8480069,"1998-10-30"
"2187",8480070,"1999-01-18"
"2188",8480071,"1998-10-13"
"2189",8480072,"1998-10-13"
"2190",8480073,"1999-09-02"
"2191",8480074,"1999-09-13"
"2192",8480078,"1999-09-05"
"2193",8480081,"1994-09-19"
"2194",8480082,"1993-11-30"
"2195",8480083,"1994-12-01"
"2196",8480084,"1994-11-21"
"2197",8480087,"1993-02-25"
"2198",8480112,"1995-07-07"
"2199",8480113,"1993-12-21"
"2200",8480143,"1991-05-12"
"2201",8480144,"1995-01-12"
"2202",8480145,"1995-07-29"
"2203",8480147,"1991-10-07"
"2204",8480153,"1995-06-06"
"2205",8480157,"1994-02-02"
"2206",8480158,"1995-06-18"
"2207",8480160,"1992-09-20"
"2208",8480161,"1994-03-04"
"2209",8480162,"1996-08-26"
"2210",8480163,"1991-12-08"
"2211",8480164,"1994-02-28"
"2212",8480172,"1990-07-29"
"2213",8480184,"1998-10-20"
"2214",8480185,"1998-09-02"
"2215",8480186,"1997-08-02"
"2216",8480188,"1999-08-25"
"2217",8480192,"1997-07-12"
"2218",8480193,"1999-03-27"
"2219",8480196,"1997-11-18"
"2220",8480199,"1999-04-19"
"2221",8480201,"1999-02-10"
"2222",8480205,"1999-06-01"
"2223",8480208,"1998-04-27"
"2224",8480213,"1996-03-01"
"2225",8480216,"1999-07-19"
"2226",8480220,"1999-02-05"
"2227",8480221,"1998-08-06"
"2228",8480222,"1996-02-17"
"2229",8480226,"1998-10-28"
"2230",8480231,"1999-06-15"
"2231",8480238,"1999-02-24"
"2232",8480242,"1999-01-14"
"2233",8480245,"1999-08-24"
"2234",8480246,"1998-06-15"
"2235",8480247,"1997-03-12"
"2236",8480252,"1999-04-06"
"2237",8480259,"1999-02-26"
"2238",8480263,"1998-09-20"
"2239",8480267,"1999-06-07"
"2240",8480274,"1999-02-12"
"2241",8480275,"1997-09-09"
"2242",8480276,"1999-01-04"
"2243",8480280,"1998-11-24"
"2244",8480281,"1999-06-25"
"2245",8480289,"1998-12-02"
"2246",8480292,"1997-08-18"
"2247",8480293,"1997-04-14"
"2248",8480304,"1997-03-22"
"2249",8480306,"1995-07-25"
"2250",8480313,"1997-02-25"
"2251",8480314,"1995-12-12"
"2252",8480326,"1994-04-23"
"2253",8480328,"1994-02-21"
"2254",8480330,"1994-05-19"
"2255",8480336,"1994-11-13"
"2256",8480341,"1994-06-22"
"2257",8480355,"1999-03-11"
"2258",8480363,"1998-09-23"
"2259",8480373,"1998-01-31"
"2260",8480382,"1996-02-10"
"2261",8480384,"1997-07-17"
"2262",8480420,"1994-06-20"
"2263",8480434,"1998-10-21"
"2264",8480439,"1998-09-26"
"2265",8480441,"1999-05-26"
"2266",8480443,"1998-06-11"
"2267",8480448,"1999-05-14"
"2268",8480459,"1996-05-24"
"2269",8480466,"1999-07-02"
"2270",8480467,"1997-02-17"
"2271",8480468,"1999-04-27"
"2272",8480591,"1994-07-25"
"2273",8480727,"1996-11-28"
"2274",8480748,"1995-03-31"
"2275",8480761,"1996-02-04"
"2276",8480762,"1995-06-14"
"2277",8480769,"1995-08-18"
"2278",8480771,"1995-03-30"
"2279",8480776,"1995-08-07"
"2280",8480780,"1990-08-05"
"2281",8480789,"2000-06-13"
"2282",8480796,"1999-10-06"
"2283",8480797,"2000-02-25"
"2284",8480798,"1999-10-12"
"2285",8480800,"1999-10-14"
"2286",8480801,"1999-09-16"
"2287",8480802,"1999-09-21"
"2288",8480803,"1999-10-20"
"2289",8480806,"1999-11-06"
"2290",8480807,"2000-03-14"
"2291",8480813,"2000-01-13"
"2292",8480814,"1999-10-07"
"2293",8480817,"2000-01-21"
"2294",8480819,"1999-11-10"
"2295",8480820,"1999-10-20"
"2296",8480821,"1999-11-27"
"2297",8480822,"1999-10-02"
"2298",8480823,"1999-11-15"
"2299",8480825,"2000-01-03"
"2300",8480828,"1999-09-23"
"2301",8480829,"2000-07-06"
"2302",8480830,"2000-03-26"
"2303",8480831,"2000-08-06"
"2304",8480833,"1999-12-23"
"2305",8480834,"2000-05-23"
"2306",8480835,"2000-02-03"
"2307",8480836,"2000-05-04"
"2308",8480839,"2000-04-13"
"2309",8480840,"2000-03-12"
"2310",8480842,"2000-06-29"
"2311",8480843,"2000-06-22"
"2312",8480844,"2000-06-24"
"2313",8480845,"2000-03-15"
"2314",8480846,"2000-05-31"
"2315",8480847,"2000-08-14"
"2316",8480848,"2000-07-21"
"2317",8480849,"2000-06-09"
"2318",8480853,"2000-02-04"
"2319",8480855,"2000-01-06"
"2320",8480858,"2000-06-24"
"2321",8480860,"2000-06-27"
"2322",8480863,"2000-02-06"
"2323",8480865,"2000-01-07"
"2324",8480867,"2000-08-22"
"2325",8480870,"2000-02-06"
"2326",8480871,"2000-08-15"
"2327",8480873,"2000-03-07"
"2328",8480874,"2000-01-13"
"2329",8480878,"2000-07-27"
"2330",8480879,"2000-06-30"
"2331",8480880,"2000-03-28"
"2332",8480883,"2000-03-24"
"2333",8480884,"2000-04-11"
"2334",8480885,"2000-07-06"
"2335",8480887,"2000-07-07"
"2336",8480890,"2000-09-15"
"2337",8480891,"2000-01-13"
"2338",8480893,"2000-07-21"
"2339",8480901,"1995-09-26"
"2340",8480913,"1995-05-09"
"2341",8480925,"1990-06-03"
"2342",8480935,"1995-12-30"
"2343",8480940,"1994-03-04"
"2344",8480943,"1992-10-13"
"2345",8480944,"1991-10-05"
"2346",8480945,"1993-11-09"
"2347",8480946,"1995-07-02"
"2348",8480947,"1995-04-28"
"2349",8480948,"1991-09-17"
"2350",8480950,"1994-04-06"
"2351",8480954,"1993-10-12"
"2352",8480955,"1990-02-14"
"2353",8480965,"1994-03-17"
"2354",8480977,"2000-09-15"
"2355",8480979,"1998-10-19"
"2356",8480980,"1999-06-26"
"2357",8480981,"2000-07-30"
"2358",8480988,"2000-03-20"
"2359",8480990,"2000-01-12"
"2360",8480994,"2000-03-03"
"2361",8480995,"1999-03-09"
"2362",8481001,"1997-02-13"
"2363",8481003,"1998-10-21"
"2364",8481004,"1998-12-31"
"2365",8481006,"2000-03-01"
"2366",8481013,"2000-07-16"
"2367",8481014,"2000-01-06"
"2368",8481016,"2000-07-22"
"2369",8481019,"2000-04-11"
"2370",8481020,"2000-03-11"
"2371",8481024,"1999-11-16"
"2372",8481028,"1999-11-19"
"2373",8481031,"1999-03-05"
"2374",8481032,"1999-11-16"
"2375",8481033,"2000-05-12"
"2376",8481035,"1999-10-20"
"2377",8481042,"1999-10-17"
"2378",8481043,"1998-05-17"
"2379",8481056,"2000-01-04"
"2380",8481058,"1999-10-03"
"2381",8481059,"1998-08-18"
"2382",8481061,"1998-01-22"
"2383",8481068,"1998-06-06"
"2384",8481070,"1998-07-11"
"2385",8481072,"2000-02-11"
"2386",8481077,"1998-08-07"
"2387",8481093,"1999-01-06"
"2388",8481102,"2000-06-07"
"2389",8481105,"1997-02-06"
"2390",8481122,"1998-09-19"
"2391",8481133,"2000-02-01"
"2392",8481147,"1998-07-10"
"2393",8481161,"1999-09-12"
"2394",8481167,"1999-08-23"
"2395",8481178,"2000-03-30"
"2396",8481186,"1996-08-14"
"2397",8481206,"2000-08-02"
"2398",8481237,"1999-04-29"
"2399",8481239,"2000-03-14"
"2400",8481422,"1995-05-09"
"2401",8481425,"1995-02-18"
"2402",8481426,"1996-06-12"
"2403",8481433,"1996-06-30"
"2404",8481441,"1996-01-01"
"2405",8481442,"1996-06-05"
"2406",8481461,"1995-09-02"
"2407",8481462,"1996-02-01"
"2408",8481477,"1995-05-03"
"2409",8481479,"1995-05-28"
"2410",8481481,"1997-12-13"
"2411",8481486,"1995-05-11"
"2412",8481489,"1994-11-10"
"2413",8481501,"1995-08-08"
"2414",8481515,"1997-07-01"
"2415",8481516,"1994-05-25"
"2416",8481517,"1999-04-30"
"2417",8481518,"2000-11-29"
"2418",8481519,"2001-04-19"
"2419",8481520,"2000-09-21"
"2420",8481521,"1999-03-20"
"2421",8481522,"2001-01-26"
"2422",8481523,"2001-01-21"
"2423",8481524,"2001-06-13"
"2424",8481525,"2001-03-09"
"2425",8481527,"2001-01-29"
"2426",8481528,"2001-02-09"
"2427",8481529,"2001-02-05"
"2428",8481530,"2001-05-28"
"2429",8481532,"2001-02-26"
"2430",8481533,"2001-03-20"
"2431",8481534,"2000-09-25"
"2432",8481535,"2000-12-20"
"2433",8481537,"2000-12-04"
"2434",8481540,"2001-01-02"
"2435",8481541,"2000-12-09"
"2436",8481542,"2001-04-06"
"2437",8481543,"2000-09-16"
"2438",8481544,"2000-12-13"
"2439",8481546,"2001-01-05"
"2440",8481550,"2001-05-10"
"2441",8481552,"2001-01-04"
"2442",8481553,"2001-07-08"
"2443",8481554,"2001-02-13"
"2444",8481555,"2000-04-12"
"2445",8481556,"2001-04-05"
"2446",8481557,"2001-04-05"
"2447",8481559,"2001-05-14"
"2448",8481560,"2001-06-26"
"2449",8481563,"2001-03-26"
"2450",8481567,"2001-03-12"
"2451",8481568,"2001-06-05"
"2452",8481570,"2001-01-05"
"2453",8481572,"2001-03-02"
"2454",8481575,"2000-09-24"
"2455",8481576,"2001-05-28"
"2456",8481577,"2001-07-28"
"2457",8481580,"2001-01-15"
"2458",8481581,"2001-08-19"
"2459",8481582,"2001-09-11"
"2460",8481585,"2001-01-23"
"2461",8481591,"2001-02-25"
"2462",8481592,"2001-03-07"
"2463",8481596,"2000-11-12"
"2464",8481597,"2001-06-04"
"2465",8481598,"2001-06-25"
"2466",8481599,"2001-02-26"
"2467",8481600,"2001-04-06"
"2468",8481601,"2001-05-24"
"2469",8481604,"2000-10-26"
"2470",8481605,"2001-01-09"
"2471",8481606,"2001-02-24"
"2472",8481609,"2001-05-26"
"2473",8481611,"1999-06-25"
"2474",8481614,"2001-01-18"
"2475",8481617,"2001-06-24"
"2476",8481618,"2001-01-28"
"2477",8481624,"1994-10-10"
"2478",8481626,"1997-10-29"
"2479",8481629,"1996-05-01"
"2480",8481630,"1996-02-07"
"2481",8481637,"1993-03-01"
"2482",8481638,"1993-01-08"
"2483",8481640,"1998-10-04"
"2484",8481641,"1996-03-23"
"2485",8481642,"1993-02-26"
"2486",8481649,"1997-09-26"
"2487",8481650,"1993-07-23"
"2488",8481655,"2001-04-25"
"2489",8481656,"2001-01-06"
"2490",8481657,"1999-06-02"
"2491",8481668,"2001-03-22"
"2492",8481679,"2001-04-28"
"2493",8481683,"1999-11-06"
"2494",8481690,"2000-09-30"
"2495",8481692,"2001-04-16"
"2496",8481701,"2001-01-15"
"2497",8481703,"1999-06-04"
"2498",8481704,"2001-02-01"
"2499",8481708,"2000-10-18"
"2500",8481711,"2000-10-14"
"2501",8481712,"2000-05-31"
"2502",8481716,"2000-09-10"
"2503",8481720,"1999-06-04"
"2504",8481725,"2001-07-05"
"2505",8481726,"2000-10-12"
"2506",8481740,"1999-07-12"
"2507",8481751,"1999-04-20"
"2508",8481754,"2001-09-10"
"2509",8481789,"2001-04-30"
"2510",8481812,"1998-03-20"
"2511",8481813,"1992-01-31"
"2512",8481815,"1999-06-14"
"2513",8481827,"2001-07-13"
"2514",8481849,"1999-04-24"
"2515",8482055,"1998-06-09"
"2516",8482061,"1998-03-11"
"2517",8482062,"1995-10-28"
"2518",8482063,"1995-07-31"
"2519",8482067,"1996-09-12"
"2520",8482070,"1998-01-26"
"2521",8482072,"1997-05-18"
"2522",8482073,"2001-09-20"
"2523",8482074,"2001-09-25"
"2524",8482076,"2000-12-22"
"2525",8482077,"2001-09-23"
"2526",8482078,"2002-03-28"
"2527",8482079,"2001-09-23"
"2528",8482081,"2001-11-02"
"2529",8482087,"2002-01-18"
"2530",8482088,"2002-03-24"
"2531",8482089,"2002-03-29"
"2532",8482092,"2002-08-08"
"2533",8482093,"2002-02-01"
"2534",8482095,"2002-01-10"
"2535",8482097,"2001-09-19"
"2536",8482101,"2002-02-06"
"2537",8482105,"2002-07-08"
"2538",8482107,"2002-01-05"
"2539",8482109,"2001-10-11"
"2540",8482110,"2001-10-27"
"2541",8482111,"2001-11-15"
"2542",8482113,"2001-10-03"
"2543",8482116,"2002-01-15"
"2544",8482117,"2002-05-17"
"2545",8482118,"2001-12-26"
"2546",8482122,"2002-08-22"
"2547",8482124,"2002-08-19"
"2548",8482125,"2002-01-23"
"2549",8482132,"2002-09-09"
"2550",8482133,"2002-01-03"
"2551",8482137,"2002-06-16"
"2552",8482138,"2002-02-20"
"2553",8482142,"2002-04-08"
"2554",8482145,"2002-01-08"
"2555",8482146,"2002-02-21"
"2556",8482147,"2002-05-13"
"2557",8482148,"2002-02-09"
"2558",8482149,"2002-01-01"
"2559",8482150,"2002-04-15"
"2560",8482153,"2001-10-22"
"2561",8482155,"2001-10-28"
"2562",8482157,"2002-02-05"
"2563",8482158,"2002-03-25"
"2564",8482159,"2002-01-18"
"2565",8482172,"2002-06-25"
"2566",8482175,"2002-01-14"
"2567",8482176,"2002-07-31"
"2568",8482177,"2002-07-17"
"2569",8482179,"1998-03-17"
"2570",8482181,"2001-11-15"
"2571",8482187,"2002-08-02"
"2572",8482192,"2001-09-28"
"2573",8482193,"2002-06-07"
"2574",8482197,"2001-09-25"
"2575",8482207,"2002-01-28"
"2576",8482221,"2001-12-27"
"2577",8482222,"1994-06-17"
"2578",8482240,"1994-07-29"
"2579",8482241,"1996-04-29"
"2580",8482243,"1996-05-19"
"2581",8482245,"1995-10-03"
"2582",8482246,"1998-06-29"
"2583",8482247,"1994-01-16"
"2584",8482248,"1993-08-27"
"2585",8482250,"1997-03-19"
"2586",8482259,"1996-06-15"
"2587",8482369,"1997-11-24"
"2588",8482399,"1996-02-06"
"2589",8482408,"1996-08-07"
"2590",8482447,"2002-08-13"
"2591",8482448,"2002-08-07"
"2592",8482451,"2001-12-17"
"2593",8482452,"2002-01-21"
"2594",8482460,"2002-06-29"
"2595",8482465,"2001-10-06"
"2596",8482470,"2000-07-20"
"2597",8482475,"2001-02-01"
"2598",8482479,"2001-06-20"
"2599",8482484,"2002-03-11"
"2600",8482496,"2000-02-07"
"2601",8482511,"2001-01-17"
"2602",8482516,"2000-06-23"
"2603",8482623,"1998-12-08"
"2604",8482624,"1997-07-11"
"2605",8482634,"1999-12-10"
"2606",8482635,"1999-02-05"
"2607",8482641,"1998-04-14"
"2608",8482652,"1997-11-23"
"2609",8482654,"1997-09-26"
"2610",8482655,"2000-06-06"
"2611",8482660,"2002-10-18"
"2612",8482665,"2002-11-05"
"2613",8482666,"2002-11-01"
"2614",8482667,"2002-10-12"
"2615",8482671,"2002-11-22"
"2616",8482673,"2002-10-22"
"2617",8482679,"2002-11-14"
"2618",8482684,"2003-09-09"
"2619",8482691,"2002-11-14"
"2620",8482699,"2003-04-10"
"2621",8482702,"2003-02-26"
"2622",8482705,"2003-05-16"
"2623",8482711,"2003-01-17"
"2624",8482712,"2002-11-10"
"2625",8482713,"2002-11-15"
"2626",8482720,"2002-10-17"
"2627",8482730,"2003-02-09"
"2628",8482740,"2003-05-14"
"2629",8482745,"2003-01-30"
"2630",8482747,"2003-01-05"
"2631",8482762,"2003-02-05"
"2632",8482803,"2003-09-10"
"2633",8482809,"2003-08-03"
"2634",8482815,"1994-10-27"
"2635",8482821,"1999-08-19"
"2636",8482824,"2000-05-29"
"2637",8482834,"1994-09-21"
"2638",8482861,"2002-11-14"
"2639",8482918,"2003-01-09"
"2640",8482964,"2001-01-30"
"2641",8482982,"2001-03-30"
"2642",8483158,"1998-01-20"
"2643",8483183,"1999-11-08"
"2644",8483395,"2001-01-09"
"2645",8483397,"1999-07-26"
"2646",8483407,"1999-06-02"
"2647",8483424,"2004-02-03"
"2648",8483425,"2004-05-18"
"2649",8483445,"2004-01-19"
"2650",8483457,"2004-02-14"
"2651",8483460,"2003-11-28"
"2652",8483464,"2004-04-08"
"2653",8483466,"2004-06-21"
"2654",8483476,"2004-07-24"
"2655",8483490,"2003-11-25"
"2656",8483493,"2004-01-14"
"2657",8483495,"2004-02-15"
"2658",8483499,"2004-01-28"
"2659",8483505,"2004-03-10"
"2660",8483515,"2004-03-30"
"2661",8483524,"2004-01-05"
"2662",8483530,"1999-04-27"
"2663",8483546,"1998-03-16"
"2664",8483548,"1998-06-25"
"2665",8483549,"1997-06-19"
"2666",8483565,"1998-05-12"
"2667",8483567,"2000-10-10"
"2668",8483570,"1998-11-15"
"2669",8483575,"1998-02-02"
"2670",8483597,"1999-07-06"
"2671",8483619,"1999-01-05"
"2672",8483620,"1997-11-24"
"2673",8483630,"1999-12-07"
"2674",8483641,"1995-11-28"
"2675",8483669,"2004-09-07"
"2676",8483678,"2004-02-16"
"2677",8483710,"2001-08-19"
"2678",8483733,"2003-05-02"
"2679",8483808,"1996-02-04"
"2680",8484125,"2002-08-18"
"2681",8484136,"2000-09-05"
"2682",8484144,"2005-07-17"
"2683",8484145,"2005-05-12"
"2684",8484149,"2004-10-05"
"2685",8484153,"2004-12-26"
"2686",8484166,"2004-10-12"
"2687",8484203,"2005-05-05"
"2688",8484254,"1999-04-09"
"2689",8484256,"1999-04-16"
"2690",8484258,"1998-07-27"
"2691",8484268,"2000-04-06"
"2692",8484287,"2001-06-09"
"2693",8484304,"1996-08-01"
"2694",8484911,"2002-09-21"
